keyspace	workload	NumOfThreads	castleL-finalTreeSize	castleL-sRetries	castleL-iRetries	castleL-dRetries	castleL-sTime	castleL-iSeekTime	castleL-iExecTime	castleL-iTotTime	castleL-dSeekTime	castleL-dExecTime	castleL-dTotTime	castleL-avgSeekLen	castleL-initHt	castleL-finalHt	castleL-avgSeekTime	castleL-avgExecutionTime	castleL-MOPS	castle-finalTreeSize	castle-sRetries	castle-iRetries	castle-dRetries	castle-sTime	castle-iSeekTime	castle-iExecTime	castle-iTotTime	castle-dSeekTime	castle-dExecTime	castle-dTotTime	castle-avgSeekLen	castle-initHt	castle-finalHt	castle-avgSeekTime	castle-avgExecutionTime	castle-MOPS	citrusL-finalTreeSize	citrusL-sRetries	citrusL-iRetries	citrusL-dRetries	citrusL-sTime	citrusL-iSeekTime	citrusL-iExecTime	citrusL-iTotTime	citrusL-dSeekTime	citrusL-dExecTime	citrusL-dTotTime	citrusL-avgSeekLen	citrusL-initHt	citrusL-finalHt	citrusL-avgSeekTime	citrusL-avgExecutionTime	citrusL-MOPS	citrus-finalTreeSize	citrus-sRetries	citrus-iRetries	citrus-dRetries	citrus-sTime	citrus-iSeekTime	citrus-iExecTime	citrus-iTotTime	citrus-dSeekTime	citrus-dExecTime	citrus-dTotTime	citrus-avgSeekLen	citrus-initHt	citrus-finalHt	citrus-avgSeekTime	citrus-avgExecutionTime	citrus-MOPS	howleyL-finalTreeSize	howleyL-sRetries	howleyL-iRetries	howleyL-dRetries	howleyL-sTime	howleyL-iSeekTime	howleyL-iExecTime	howleyL-iTotTime	howleyL-dSeekTime	howleyL-dExecTime	howleyL-dTotTime	howleyL-avgSeekLen	howleyL-initHt	howleyL-finalHt	howleyL-avgSeekTime	howleyL-avgExecutionTime	howleyL-MOPS	howley-finalTreeSize	howley-sRetries	howley-iRetries	howley-dRetries	howley-sTime	howley-iSeekTime	howley-iExecTime	howley-iTotTime	howley-dSeekTime	howley-dExecTime	howley-dTotTime	howley-avgSeekLen	howley-initHt	howley-finalHt	howley-avgSeekTime	howley-avgExecutionTime	howley-MOPS
2000	90-9-1	1	1249.4	0	0	0	605.13	0	960.92	960.92	0	1172.2	1172.2	14.57	22.4	22.4	544.62	982.1	0.78	1251.8	0	0	0	641.69	0	684.92	684.92	0	897.87	897.87	14.57	22.4	22.6	577.52	706.27	0.78	1261.8	0	0	0	563.88	0	898.33	898.33	0	1370.03	1370.03	15.6	24.4	24.8	507.5	945.62	0.8	1257	0	0	0	542.14	0	656.63	656.63	0	1037.38	1037.38	15.38	24.4	24.6	487.88	694.74	0.83	1259.4	0	0	0	1111.5	0	1221.84	1221.84	0	1721.05	1721.05	14.11	22.4	22.4	1000.33	1271.81	0.57	1259.2	0	0	0	597.91	0	797.84	797.84	0	1260.75	1260.75	14.34	22.4	22.8	538.08	844.18	0.79
2000	90-9-1	30	1249.2	0	0.59	2.1	761.38	0	1206.74	1206.74	0	2269.82	2269.82	14.72	22.6	22.2	685.23	1313.07	20.45	1252.8	0.02	0.53	1.64	804.13	0	917.05	917.05	0	1957.12	1957.12	14.73	22.2	22.6	723.71	1021.07	20.32	1254.2	0	1.27	4.03	797.43	0	2145.36	2145.36	0	14130.24	14130.24	15.46	24.2	24.8	717.69	3344.26	17.64	1259.4	0	1.26	4.05	782.89	0	2020.52	2020.52	0	13896.72	13896.72	15.35	24.4	24	704.61	3208.02	17.95	1249.6	0	1.55	0.69	1330.71	0	1553.08	1553.08	0	2866.85	2866.85	14.36	22.4	22.4	1197.66	1684.44	14.88	1252.6	0.44	0.92	0.79	777.22	0	1128.51	1128.51	0	2480.88	2480.88	14.5	22.4	21.8	699.52	1263.74	20.39
2000	90-9-1	61	1254.8	0	1.96	15.56	1093.02	0	1607.99	1607.99	0	3402.18	3402.18	14.7	22.4	22.4	983.71	1787.44	33.67	1253.2	0.07	1.46	8.86	1128.99	0	1293.64	1293.64	0	3007.78	3007.78	14.71	22.2	22.2	1016.09	1465.08	33.64	1246	0	1.78	14.14	866.92	0	6859.53	6859.53	0	145944.85	145944.85	15.02	24.2	24.6	780.22	20780.07	17.4	1251.8	0	1.75	14.31	845	0	6592.95	6592.95	0	147597.65	147597.65	14.99	24.4	24.2	760.5	20685.78	17.56	1256.2	0	4.74	2.03	1855.98	0	2354.99	2354.99	0	3919.86	3919.86	14.3	22.4	22.2	1670.39	2511.47	23.69	1254.6	1.38	2.6	2.66	1192.79	0	2067.8	2067.8	0	3880.71	3880.71	14.62	22.4	22.2	1073.52	2249.04	31.35
2000	90-9-1	90	1251	0	3.12	30.78	1350.13	0	1973.74	1973.74	0	4314.32	4314.32	14.71	22	22.4	1215.11	2207.82	41.42	1260.2	0.12	2.25	17.44	1385.53	0	1612.34	1612.34	0	3902.78	3902.78	14.75	22.2	22.8	1246.97	1841.4	41.57	1251.2	0	1.94	17.87	914.2	0	9710.74	9710.74	0	283549.33	283549.33	14.7	24.8	24.8	822.78	37101.7	17.15	1245.8	0	1.91	18.05	868.53	0	9370.63	9370.63	0	288357.31	288357.31	14.61	24.4	24.2	781.67	37265.07	17.27	1256.6	0.01	8.38	3.43	2514.17	0	3513.83	3513.83	0	5215.75	5215.75	14.28	22.4	22.4	2262.76	3683.94	26.74	1255	2.56	4.82	5.24	1582.63	0	3726.61	3726.61	0	5962.87	5962.87	14.8	22.4	22.6	1424.37	3950.16	35.36
2000	90-9-1	122	1250	0	4.33	53.22	1609.42	0	2324.51	2324.51	0	5252.85	5252.85	14.7	22.4	22.4	1448.48	2617.34	49.03	1254.6	0.17	2.94	28.84	1654.09	0	1960.5	1960.5	0	4969.1	4969.1	14.79	22.2	22.8	1488.68	2261.37	49.08	1244.4	0	2.02	20.09	924.49	0	12256.28	12256.28	0	455356.09	455356.09	14.36	24.6	24.6	832.03	56585.48	16.86	1241.2	0	1.96	20.3	882.42	0	11756.96	11756.96	0	459045.48	459045.48	14.34	24.4	24.2	794.19	56487.88	17.05	1253	0.01	12.61	4.96	3275.83	0	5096.54	5096.54	0	6726.12	6726.12	14.21	22.4	22	2948.27	5259.41	28.66	1252.4	4.19	7.74	8.88	2042.51	0	6678.54	6678.54	0	9288.31	9288.31	15.14	22.4	22.4	1838.27	6939.44	37.07
2000	90-9-1	150	1256	0	4.71	59.07	1817.95	0	2622.75	2622.75	0	5851.5	5851.5	14.69	22.2	22.6	1636.16	2945.59	52.95	1248.8	0.21	3.21	31.57	1873.9	0	2222.41	2222.41	0	5585.34	5585.34	14.85	22.4	22.4	1686.5	2558.76	52.72	1239.6	0	2.03	21.31	947.66	0	13892.77	13892.77	0	614857.11	614857.11	14.43	24.4	24.2	852.89	73999.99	16.62	1231.6	0	1.97	21.36	897.12	0	13580.94	13580.94	0	613539.44	613539.44	14.21	24.4	24.4	807.39	73550.59	16.86	1254.8	0.02	15.36	5.7	3925.46	0	6358.13	6358.13	0	7803.49	7803.49	14.22	22.4	22.2	3532.93	6502.64	29.58	1250.4	5.44	9.73	11.05	2383.45	0	9155.16	9155.16	0	11809.81	11809.81	15.31	22.4	22.2	2145.12	9420.55	37.97
2000	90-9-1	183	1246.2	0	5.06	66.05	2033.9	0	2937.4	2937.4	0	6498.39	6498.39	14.72	22	21.8	1830.51	3293.53	57.81	1254.2	0.25	3.51	35.25	2096.29	0	2484.26	2484.26	0	6306.29	6306.29	14.81	22.2	22.8	1886.66	2866.45	57.35	1241.6	0	2.04	22.25	960.26	0	16723.67	16723.67	0	811397.02	811397.02	14.12	24	24.2	864.23	96176.94	16.28	1240.2	0	1.98	22.43	909.48	0	15774.78	15774.78	0	806232.15	806232.15	14.11	24.4	24.4	818.52	94825.12	16.59	1251.2	0.02	18.8	6.51	4649.69	0	7993.52	7993.52	0	8914.05	8914.05	14.21	22.4	22.2	4184.74	8085.56	30.69	1252	7.08	12.04	13.59	2749.93	0	12557.08	12557.08	0	15469.33	15469.33	15.59	22.4	22.6	2474.97	12848.23	38.98
2000	90-9-1	210	1252	0	5.23	67.55	2212.47	0	3205.96	3205.96	0	6983.25	6983.25	14.69	22.2	23	1991.22	3583.69	60.42	1247.6	0.28	3.68	36.67	2285.47	0	2708.08	2708.08	0	6818.11	6818.11	14.83	22.2	22.2	2056.93	3119.14	59.81	1235.8	0	2.03	22.86	959.52	0	17376.19	17376.19	0	983401.79	983401.79	14.18	24	25.2	863.56	114014.32	16.12	1237.8	0	1.95	22.99	923.67	0	16577.5	16577.5	0	969198	969198	14.1	24.4	24	831.3	111896.65	16.45	1258	0.02	21.05	6.94	5253.38	0	9246.04	9246.04	0	9857.7	9857.7	14.12	22.4	22.2	4728.06	9307.21	31.23	1248.2	8.38	13.59	15.22	3054.51	0	15348.07	15348.07	0	18102.45	18102.45	15.79	22.4	22.4	2749.08	15623.51	39.45
2000	90-9-1	244	1254.6	0	5.75	70.14	2409.87	0	3523.8	3523.8	0	7564.74	7564.74	14.68	22.2	22.8	2168.87	3928	64.09	1250.4	0.32	3.91	38.84	2497.02	0	2981.18	2981.18	0	7467.51	7467.51	14.84	22	22.4	2247.32	3429.88	63.27	1238.2	0	2.01	23.29	971.56	0	20253.99	20253.99	0	1189180.6	1189180.6	14.09	24.2	24.6	874.4	137173.86	15.89	1232.8	0	1.96	23.52	927.05	0	18662.38	18662.38	0	1181365.68	1181365.68	14.13	24.4	24.2	834.34	134988.86	16.18	1256.6	0.02	24.11	7.47	5995.5	0	10991.69	10991.69	0	11002.93	11002.93	14.1	22.4	22	5395.9	10992.81	31.92	1259.2	10.06	15.5	17.27	3379.28	0	19150.42	19150.42	0	21956.48	21956.48	16.04	22.4	22.2	3041.36	19431.06	40.21
20000	90-9-1	1	12105.8	0	0	0	799.11	0	1243.04	1243.04	0	1518.63	1518.63	17.38	31.2	31.6	719.24	1270.63	0.65	12109.6	0	0	0	843.31	0	919.53	919.53	0	1198.06	1198.06	17.38	31.2	31.4	759	947.41	0.65	12143	0	0	0	888.86	0	1353.8	1353.8	0	2302.8	2302.8	18.25	33.2	33.8	800	1448.76	0.6	12154.2	0	0	0	903.07	0	1182.09	1182.09	0	1950.37	1950.37	19.17	34	33.8	812.86	1259.02	0.6	12165.6	0	0	0	1540.85	0	1699.03	1699.03	0	2687.58	2687.58	17.88	32	32.4	1387.04	1797.76	0.44	12152.2	0	0	0	926.79	0	1193.53	1193.53	0	2111.41	2111.41	18.17	32	32	834.21	1285.4	0.59
20000	90-9-1	30	12179.8	0	0.28	0.74	1125.07	0	1786.56	1786.56	0	2678.64	2678.64	25.68	31.2	40.8	1012.54	1875.72	15.83	12176.6	0.01	0.26	0.59	1194.65	0	1311.73	1311.73	0	2224.71	2224.71	25.81	30.4	40.2	1075.17	1403	15.75	12167.2	0	0.65	1.54	1172.43	0	2324.23	2324.23	0	9652.97	9652.97	26.09	32.6	43.8	1055.19	3056.72	14.4	12168.6	0	0.63	1.53	1151.45	0	1987.3	1987.3	0	9166.31	9166.31	26.37	34	40.6	1036.3	2704.92	14.8	12171.4	0	0.73	0.31	2035.09	0	2261.21	2261.21	0	3790.01	3790.01	24.36	32	39.2	1831.58	2414.11	10.75	12173.6	0.18	0.4	0.35	1319.87	0	1671.03	1671.03	0	3266.42	3266.42	25.86	32	40	1187.88	1830.52	14.35
20000	90-9-1	61	12185	0	0.69	2.87	1297.13	0	1995.04	1995.04	0	3185.63	3185.63	26.57	31	41.2	1167.41	2114.13	29.36	12153	0.03	0.58	1.7	1387.17	0	1527.12	1527.12	0	2754.7	2754.7	27.54	30.4	44.2	1248.44	1649.89	29	12167	0	1.28	7.3	1375.95	0	4684.9	4684.9	0	52144.77	52144.77	26.76	32.6	41.4	1238.33	9430.29	21.01	12157.6	0	1.26	7.61	1328.29	0	4429.12	4429.12	0	54601.11	54601.11	27.05	34	40.8	1195.47	9444.99	21.36	12186.4	0	1.76	0.73	2257.46	0	2526.06	2526.06	0	4130.31	4130.31	25.87	32	41.6	2031.74	2686.43	20.23	12151	0.46	0.99	0.83	1488.3	0	1914.86	1914.86	0	3649.11	3649.11	26.79	32	38.4	1339.47	2088.22	27.01
20000	90-9-1	90	12170.4	0	1.16	5.74	1545	0	2403.88	2403.88	0	3842.87	3842.87	27.53	30.6	43	1390.5	2547.8	36.99	12160.6	0.05	0.95	3.15	1616.86	0	1793.86	1793.86	0	3295.24	3295.24	28.32	30.2	44	1455.17	1944.02	37.24	12174.8	0	1.51	12.24	1448.03	0	7894.72	7894.72	0	160259.23	160259.23	26.45	33.8	41.2	1303.2	23133.23	20.36	12171.2	0	1.47	12.31	1404.94	0	7563.12	7563.12	0	159444	159444	26.81	34	37.8	1264.47	22752.03	20.8	12161.4	0	3.02	1.15	2704.7	0	3090.43	3090.43	0	4929.38	4929.38	26.48	32	41.4	2434.25	3274.27	25.2	12149.8	0.81	1.75	1.49	1743.66	0	2453.82	2453.82	0	4451.48	4451.48	27.55	32	41.6	1569.3	2653.54	34.17
20000	90-9-1	122	12166.6	0	1.8	11.25	1763.23	0	2735.1	2735.1	0	4466.38	4466.38	27.99	31	41	1586.91	2908.18	44.93	12159	0.07	1.36	5.6	1824.55	0	2043.25	2043.25	0	3762.62	3762.62	28.39	30.6	42.4	1642.11	2215.16	45.56	12146	0	1.61	14.78	1499.76	0	10713.43	10713.43	0	290910.08	290910.08	25.89	33.6	40	1349.78	38721.48	20.09	12159.4	0	1.56	14.79	1429.03	0	10172.81	10172.81	0	291706.39	291706.39	26.41	34	38.2	1286.14	38327.61	20.57	12156.6	0	5.07	1.84	3168.16	0	3796.39	3796.39	0	5700.52	5700.52	26.34	32	40.2	2851.37	3986.76	29.7	12169.8	1.46	2.95	2.75	2045.82	0	3376.44	3376.44	0	5705.07	5705.07	28.11	32	41	1841.25	3609.24	40.06
20000	90-9-1	150	12160.4	0	2.08	13.24	2014	0	3152.39	3152.39	0	5081.49	5081.49	28.22	30.4	40	1812.61	3345.26	48.12	12147.4	0.09	1.6	6.89	2089.34	0	2343.81	2343.81	0	4368.57	4368.57	28.62	31	42.2	1880.42	2546.25	48.49	12149.4	0	1.63	15.95	1560.81	0	12562.29	12562.29	0	421388.73	421388.73	25.91	33.6	39.6	1404.71	53439.63	19.65	12133.2	0	1.56	16.07	1457.5	0	11492.8	11492.8	0	421381.59	421381.59	25.86	34	39	1311.75	52478.74	20.26	12174.2	0.01	6.42	2.23	3808.42	0	4645.49	4645.49	0	6668	6668	27.04	32	41.6	3427.57	4847.73	30.65	12164.8	1.99	3.81	3.64	2396.49	0	4404.43	4404.43	0	6919.67	6919.67	28.52	32	41.8	2156.84	4655.92	41.8
20000	90-9-1	183	12177.2	0	2.4	15.89	2265.66	0	3560.55	3560.55	0	5697.96	5697.96	28.27	31	41.4	2039.1	3774.23	52.17	12174.6	0.1	1.83	8.2	2372.8	0	2666.95	2666.95	0	4909.73	4909.73	29.21	30.6	43.6	2135.53	2891.16	52.03	12128.6	0	1.62	16.89	1575.11	0	14660.32	14660.32	0	589185.55	589185.55	24.84	33	38.2	1417.6	72089.99	19.21	12138.8	0	1.58	16.97	1465.98	0	13641.22	13641.22	0	576145.5	576145.5	24.83	34	37	1319.38	69879.69	19.95	12163.2	0.01	8.31	2.76	4495.15	0	5700.45	5700.45	0	7808.36	7808.36	26.86	32	42.8	4045.61	5911.21	31.95	12166.4	2.82	5.05	5.05	2758.65	0	5933.53	5933.53	0	8722.22	8722.22	28.71	32	42.4	2482.79	6212.38	43.85
20000	90-9-1	210	12159.2	0	2.57	16.03	2538.84	0	4056.83	4056.83	0	6278.47	6278.47	29.13	31	42.4	2284.94	4278.98	53.43	12186	0.11	1.96	8.99	2596.78	0	2915.4	2915.4	0	5209.89	5209.89	28.66	30.6	43.2	2337.1	3144.83	54.08	12151.2	0	1.63	17.53	1586.19	0	16189.25	16189.25	0	725603.47	725603.47	24.54	33.4	35.8	1427.57	87108.73	19.02	12140.8	0	1.57	17.45	1483.34	0	15482.2	15482.2	0	713903.52	713903.52	24.44	34	36.4	1335	85285.02	19.54	12177	0.01	9.45	3.03	5136.92	0	6604.7	6604.7	0	8566.24	8566.24	26.85	32	41	4623.25	6800.77	32.24	12163.6	3.45	5.87	5.98	3096.35	0	7245.75	7245.75	0	10131.79	10131.79	29.13	32	42	2786.71	7534.29	44.45
20000	90-9-1	244	12170.2	0	18.25	65.32	2795.06	0	4542.37	4542.37	0	7062.5	7062.5	28.49	31.2	39.6	2515.54	4794.34	55.86	12177.2	0.13	2.15	9.94	2891.99	0	3251.47	3251.47	0	5748.53	5748.53	28.93	30.4	43.6	2602.78	3501.14	56.27	12135.2	0	1.59	17.91	1571.49	0	16432.96	16432.96	0	921043.96	921043.96	23.34	33	35	1414.33	106910.04	18.76	12142.4	0	1.54	17.96	1482.07	0	15827.95	15827.95	0	910455.93	910455.93	24.31	34	35.6	1333.85	105230.31	19.15	12155	0.01	10.96	3.35	5980.75	0	7813.39	7813.39	0	9748.81	9748.81	26.97	32	41.6	5382.64	8006.8	32.47	12161.6	4.51	7.25	7.51	3469.55	0	9512.34	9512.34	0	12511.95	12511.95	29.36	32	42	3122.58	9812.22	45.31
200000	90-9-1	1	115071.4	0	0	0	1420.92	0	1947.75	1947.75	0	2399.42	2399.42	19.56	42.2	42.6	1278.91	1992.94	0.42	115075.6	0	0	0	1462.29	0	1593.23	1593.23	0	2064.16	2064.16	19.56	42.2	42.6	1316.16	1640.33	0.42	114770.8	0	0	0	1545.98	0	2162.16	2162.16	0	3378.85	3378.85	20.55	44.2	44.6	1391.5	2283.91	0.39	114778.4	0	0	0	1540.41	0	2008.66	2008.66	0	3168.76	3168.76	20.72	42	42.6	1386.26	2124.83	0.4	113175.8	0	0	0	2375.76	0	2658.15	2658.15	0	3978.99	3978.99	19.41	40	40.4	2138	2790.35	0.3	114453	0	0	0	1689.14	0	2061.62	2061.62	0	3314.2	3314.2	19.61	40	40.6	1520.1	2186.92	0.37
200000	90-9-1	30	118920	0	0.16	0.36	1623.99	0	2308.57	2308.57	0	3229.9	3229.9	26.18	40.4	42.8	1461.55	2400.7	11.61	118942.2	0	0.16	0.31	1631.96	0	1776.23	1776.23	0	2780.02	2780.02	25.92	40	43.4	1468.74	1876.58	11.88	118908.2	0	0.33	0.63	1721.9	0	2676.27	2676.27	0	8604.77	8604.77	26.74	43.2	45.2	1549.68	3269.23	10.88	118877.8	0	0.32	0.63	1666.49	0	2363.31	2363.31	0	7643.54	7643.54	26.59	42	43.6	1499.79	2891.45	11.26	118842	0	0.42	0.17	2666.03	0	2914.08	2914.08	0	4696.59	4696.59	24.61	40	41	2399.35	3092.32	8.34	118888.6	0.09	0.21	0.18	1872.14	0	2237.73	2237.73	0	4110.38	4110.38	25.63	40	42.8	1684.88	2425.06	10.67
200000	90-9-1	61	118947.8	0	0.33	0.9	1737.28	0	2481.06	2481.06	0	3499.8	3499.8	28.51	40	48.2	1563.57	2582.93	22.56	118992.2	0.01	0.32	0.71	1758.57	0	1910.85	1910.85	0	3030.71	3030.71	28.48	40.4	46.2	1582.73	2022.83	23.03	118901.8	0	0.75	2.61	1894.06	0	3464.51	3464.51	0	18471.1	18471.1	28.39	41.8	46.8	1704.67	4965.73	19.81	118824.6	0	0.74	2.78	1815.34	0	3332.01	3332.01	0	18497.7	18497.7	28.44	42	45.8	1633.78	4848.46	20.43	118854.6	0	0.92	0.38	2835.78	0	3092.44	3092.44	0	4824.1	4824.1	26.61	40	43.6	2552.15	3265.54	16.22	118834	0.21	0.46	0.4	2014.79	0	2415.36	2415.36	0	4278.29	4278.29	27.99	40	45.4	1813.28	2601.67	20.63
200000	90-9-1	90	118978	0	0.54	1.56	1936.76	0	2850.93	2850.93	0	3995.96	3995.96	29.02	40.6	48	1743.1	2965.44	30.05	118982.8	0.02	0.5	1.12	1929.85	0	2105.46	2105.46	0	3250.66	3250.66	29.2	40.2	51.6	1736.88	2220	31.09	119001.8	0	1.1	6.52	2080.58	0	5879.5	5879.5	0	58174.53	58174.53	28.49	42	45.2	1872.54	11109	22.8	118808.8	0	1.07	6.85	1989.5	0	5519.99	5519.99	0	62276.28	62276.28	28.61	42	47.4	1790.52	11192.73	23.3	118798.8	0	1.44	0.55	3257.01	0	3580.78	3580.78	0	5441.09	5441.09	27.47	40	46.6	2931.27	3766.73	21.07	118851	0.34	0.8	0.65	2192.59	0	2710.36	2710.36	0	4854.03	4854.03	28.84	40	46.2	1973.32	2924.68	28
200000	90-9-1	122	118966.6	0	0.79	2.55	2148	0	3195.42	3195.42	0	4480.98	4480.98	30.31	40.4	51.2	1933.21	3324	37.29	118976.8	0.03	0.72	1.78	2091.56	0	2288.62	2288.62	0	3590.23	3590.23	30.48	40.6	51.4	1882.41	2418.81	39.31	118993.8	0	1.32	10.24	2182.36	0	8644.09	8644.09	0	143002.13	143002.13	28.65	41.4	49	1964.16	22083.89	23.6	118826.8	0	1.27	10.47	2051.45	0	8298.79	8298.79	0	152800.7	152800.7	28.14	42	45.4	1846.31	22751.03	23.84	118805.8	0	2.23	0.8	3614.68	0	4002.55	4002.55	0	6136.06	6136.06	28.16	40	48.6	3253.21	4215.92	26	118869.4	0.53	1.23	0.98	2401.34	0	3071.91	3071.91	0	5447.81	5447.81	30.29	40	51	2161.21	3309.47	34.98
200000	90-9-1	150	118985	0	0.97	3.3	2404.91	0	3662.66	3662.66	0	5097.07	5097.07	30.52	39.8	52.4	2164.46	3806.12	40.84	118989.2	0.04	0.9	2.34	2342.1	0	2575.6	2575.6	0	4120.91	4120.91	30.97	40.4	53	2107.91	2730.14	42.94	118963	0	1.34	11.89	2256.67	0	10627.76	10627.76	0	250997.11	250997.11	28.16	43.2	46	2031.05	34670.54	22.88	118874.4	0	1.29	11.96	2107.97	0	10367.37	10367.37	0	259219.96	259219.96	27.72	42	43.6	1897.17	35255.67	23.23	118919.8	0	2.82	0.97	4216.23	0	4688.93	4688.93	0	6865.56	6865.56	28.68	40	48.2	3794.62	4906.65	27.68	118817.4	0.72	1.6	1.28	2677.95	0	3561.14	3561.14	0	6075.41	6075.41	30.35	40	51.4	2410.16	3812.54	38.42
200000	90-9-1	183	118942.2	0	1.18	4.25	2655.17	0	4107.26	4107.26	0	5687.86	5687.86	30.64	39.8	52.4	2389.69	4265.32	45.16	118991.8	0.05	1.06	2.92	2589.42	0	2854.52	2854.52	0	4416.1	4416.1	31.59	40.4	55.6	2330.5	3010.7	47.36	118986.4	0	1.34	13.12	2289.26	0	13000.74	13000.74	0	393775.38	393775.38	27.4	41.6	43.2	2060.4	51098.35	22.14	118838.4	0	1.29	13.07	2136.44	0	11976.89	11976.89	0	395413.53	395413.53	27.26	42	42.4	1922.81	50338.36	22.85	118903.8	0	3.61	1.17	4956.35	0	5540.02	5540.02	0	7847	7847	29.01	40	49	4460.73	5770.82	29.08	118834.4	1.03	2.12	1.77	2963.85	0	4179.65	4179.65	0	7046.93	7046.93	30.48	40	50.8	2667.47	4466.42	42.25
200000	90-9-1	210	119041.8	0	1.37	4.76	2946.59	0	4652.75	4652.75	0	6342.18	6342.18	30.72	39.8	52.2	2651.99	4821.71	46.76	118981	0.05	1.19	3.39	2818.38	0	3105.7	3105.7	0	4793.99	4793.99	31.35	40.2	53	2536.59	3274.56	49.67	118949.8	0	1.35	13.57	2330.94	0	14183.49	14183.49	0	526189.11	526189.11	27.12	42.6	43.6	2097.9	65402.67	21.55	118765.4	0	1.3	13.6	2163.95	0	13472.56	13472.56	0	514955.47	514955.47	26.99	42	42.4	1947.58	63662.27	22.38	118822.4	0	4.13	1.31	5667.02	0	6356.06	6356.06	0	8821.57	8821.57	28.83	40	49.6	5100.3	6602.71	29.43	118855.4	1.26	2.45	2.09	3311.9	0	4840.04	4840.04	0	7733.51	7733.51	31.22	40	51.6	2980.69	5129.51	43.45
200000	90-9-1	244	118991.6	0	1.5	5.15	3342.72	0	5360.15	5360.15	0	7183.35	7183.35	31.02	40.6	52	3008.5	5542.45	48.3	118995.8	0.06	1.35	3.94	3163.67	0	3495.37	3495.37	0	5434.38	5434.38	32.33	41.2	56.4	2847.33	3689.25	51.68	118951.4	0	1.34	14.12	2315.48	0	15936.73	15936.73	0	692944.69	692944.69	26.02	42.2	42.4	2083.95	83659.72	21.12	118878.4	0	1.28	14.14	2160.56	0	14553.98	14553.98	0	681795.45	681795.45	25.95	42	42	1944.51	81309.98	21.88	118873.8	0	4.85	1.44	6639.74	0	7485.16	7485.16	0	10045.78	10045.78	28.72	40	47.4	5975.77	7741.34	29.51	118813.8	1.67	3.06	2.65	3698.72	0	5829.08	5829.08	0	8970.38	8970.38	31.61	40	51.2	3328.84	6143.3	45.09
2000000	90-9-1	1	1026602.4	0	0	0	2216.95	0	2892.35	2892.35	0	3375.23	3375.23	23.81	50.6	50.6	1995.41	2940.81	0.31	1026659	0	0	0	2258.86	0	2476.57	2476.57	0	2989.41	2989.41	23.81	50.6	50.6	2033.14	2528.05	0.31	1025582.4	0	0	0	2345.31	0	3218.49	3218.49	0	4320.23	4320.23	24.88	52.6	52.6	2110.91	3329.16	0.29	1026148.2	0	0	0	2300.95	0	2988.49	2988.49	0	3747.53	3747.53	23.15	51	51	2070.7	3064.5	0.3	1020770.6	0	0	0	3410.55	0	3820.53	3820.53	0	5004.2	5004.2	21.9	49	49	3069.07	3939.21	0.23	1024017.6	0	0	0	2679.94	0	3176.77	3176.77	0	4387.9	4387.9	21.97	49	49	2411.79	3298.35	0.27
2000000	90-9-1	30	1160667.4	0	0.09	0.2	2300.94	0	3007.63	3007.63	0	3949.34	3949.34	27.78	51	51.4	2070.86	3101.76	9	1161300.6	0	0.09	0.17	2265.02	0	2427.44	2427.44	0	3426.11	3426.11	27.69	50.8	51	2038.54	2527.28	9.28	1159547.2	0	0.19	0.33	2393.15	0	3348.9	3348.9	0	8949.27	8949.27	28.56	52.4	52.8	2153.84	3908.66	8.59	1160721.6	0	0.18	0.32	2303.48	0	2992.28	2992.28	0	8658.26	8658.26	27.23	51	51.2	2073.13	3558.97	8.89	1152651.8	0	0.25	0.1	3563.08	0	3863.77	3863.77	0	5712.43	5712.43	26.06	49	49	3206.84	4048.57	6.56	1158803	0.05	0.12	0.11	2672.96	0	3063.59	3063.59	0	5054.9	5054.9	26.22	49	49	2405.68	3262.7	8.12
2000000	90-9-1	61	1167705.2	0	0.2	0.45	2512.52	0	3258.63	3258.63	0	4258.25	4258.25	29.25	52.2	53.2	2261.27	3358.56	17.21	1167646.2	0.01	0.2	0.39	2309.7	0	2467.94	2467.94	0	3547.05	3547.05	29.53	51.2	52.2	2078.73	2575.82	18.6	1167522	0	0.43	1.17	2495.55	0	3875.07	3875.07	0	14178.09	14178.09	29.75	53.4	55	2245.99	4904.96	16.56	1167809.2	0	0.42	1.21	2426.29	0	3453.18	3453.18	0	13409.87	13409.87	29.07	51	51	2183.66	4448.95	17.09	1166297.4	0	0.55	0.22	3685.09	0	3959.11	3959.11	0	5895.55	5895.55	27.07	49	49	3316.59	4152.8	13.01	1167587.2	0.11	0.26	0.23	2747.22	0	3138.4	3138.4	0	5241.76	5241.76	27.92	49	49.2	2472.49	3348.74	16.21
2000000	90-9-1	90	1168365	0	0.3	0.69	2835.76	0	3681.31	3681.31	0	4758.25	4758.25	30.12	51	52.4	2552.17	3788.99	22.79	1168242.6	0.01	0.31	0.59	2460.01	0	2645.16	2645.16	0	3713.27	3713.27	30.38	51.2	54.8	2214	2751.96	25.77	1168284	0	0.68	2.8	2756.65	0	4852.5	4852.5	0	25066.62	25066.62	30.78	52.6	54.2	2480.98	6873.73	21.42	1168197.6	0	0.68	2.93	2656.97	0	4222.98	4222.98	0	25022.88	25022.88	29.69	51	50.8	2391.26	6303.02	22.23	1167749	0	0.83	0.32	4214.62	0	4534.17	4534.17	0	6634.45	6634.45	28.21	49	49.2	3793.11	4744.24	16.96	1168176	0.18	0.44	0.37	2928.32	0	3408.4	3408.4	0	5728.19	5728.19	28.99	49	48.6	2635.48	3640.39	22.35
2000000	90-9-1	122	1168574.2	0	0.43	1.02	3084.89	0	4009.56	4009.56	0	5212.51	5212.51	31.06	51.4	54.2	2776.4	4129.84	28.68	1168388.6	0.01	0.43	0.87	2580.68	0	2784.81	2784.81	0	3939.51	3939.51	31.51	51.8	56.8	2322.61	2900.27	33.38	1168351	0	0.96	5.59	2963.84	0	6556.89	6556.89	0	54842.92	54842.92	31.12	53.6	55.2	2667.42	11384.65	24.93	1168394.6	0	0.94	5.83	2823.21	0	6054.46	6054.46	0	57412.61	57412.61	30.34	51	51.6	2540.83	11191.15	25.73	1168307.8	0	1.24	0.44	4508.64	0	4866.23	4866.23	0	7057.26	7057.26	28.72	49	49.4	4057.69	5085.33	21.59	1168227.6	0.26	0.66	0.51	3060.11	0	3630.1	3630.1	0	6032.47	6032.47	29.73	49	49	2754.05	3870.37	29.01
2000000	90-9-1	150	1168506.8	0	0.52	1.33	3380.45	0	4446.49	4446.49	0	5846.1	5846.1	31.44	52	55.6	3042.39	4586.48	32.15	1168723	0.02	0.56	1.13	2786.56	0	3019.34	3019.34	0	4346.49	4346.49	32.05	51	55.6	2507.89	3152.08	37.63	1168507.8	0	1.08	7.97	3221.3	0	9035.05	9035.05	0	111050.47	111050.47	30.47	53.4	54.2	2899.13	19237.74	24.98	1168338.2	0	1.05	8.4	2954.15	0	8351.48	8351.48	0	126120.02	126120.02	29.66	51	51.2	2658.69	20129.49	25.74	1168360	0	1.56	0.53	5175.55	0	5585.96	5585.96	0	7975.02	7975.02	28.83	49	49	4657.91	5824.9	23.29	1168194.6	0.34	0.85	0.65	3330.43	0	3999.23	3999.23	0	6699.83	6699.83	30.69	49	51.8	2997.35	4269.35	32.62
2000000	90-9-1	183	1168455.2	0	0.65	1.64	3712.96	0	4904.77	4904.77	0	6449.2	6449.2	31.82	51	55.8	3341.63	5059.21	35.84	1168553.4	0.02	0.68	1.43	2978.91	0	3234.81	3234.81	0	4571.47	4571.47	32.34	51.8	57.4	2681	3368.49	42.69	1168487	0	1.14	9.73	3467.92	0	11493.33	11493.33	0	205342.94	205342.94	30.52	53.8	54.4	3121.09	30882.23	24.6	1168333.4	0	1.1	10.11	2972.21	0	10615.75	10615.75	0	235534.76	235534.76	29.31	51	51.6	2674.95	33110.17	25.53	1168303.8	0	2.04	0.66	5836.44	0	6309.93	6309.93	0	8898.4	8898.4	29.19	49	49.2	5252.7	6568.8	25.35	1168416.8	0.46	1.1	0.83	3552.53	0	4376.42	4376.42	0	7206.13	7206.13	30.82	49	49.8	3197.26	4659.47	37.1
2000000	90-9-1	210	1168403	0	0.75	1.84	4039.97	0	5440.07	5440.07	0	7216.46	7216.46	31.85	50.8	55	3635.96	5617.69	37.75	1168594.8	0.03	0.77	1.65	3221.73	0	3500.17	3500.17	0	4927.51	4927.51	32.61	50.8	56.4	2899.56	3642.9	45.14	1168460.4	0	1.14	10.57	3765.28	0	13004.96	13004.96	0	304437.3	304437.3	30.05	52.6	53.2	3388.74	42156.81	23.64	1168326.8	0	1.09	10.84	3006.88	0	12192.86	12192.86	0	341705.67	341705.67	28.84	51	50.8	2706.17	45136.07	24.93	1168373.2	0	2.31	0.71	6696.41	0	7220.84	7220.84	0	9883.72	9883.72	29.43	49	49.4	6026.7	7487.12	25.64	1168350.4	0.57	1.3	0.98	3837.64	0	4808.75	4808.75	0	7998.44	7998.44	31.25	49	53.2	3453.84	5127.79	39.2
2000000	90-9-1	244	1168422	0	0.86	2.16	4442.51	0	6077.78	6077.78	0	8227.14	8227.14	31.87	50.6	54.8	3998.2	6292.66	39.94	1168327.6	0.03	0.9	1.99	3516.14	0	3828.38	3828.38	0	5469.64	5469.64	33.29	50.6	57.6	3164.5	3992.46	48.01	1168448.4	0	1.13	11.31	4030.01	0	15002.12	15002.12	0	480214.29	480214.29	29.24	52.8	53.4	3627	61538.7	22.03	1168187.8	0	1.08	11.44	3010.39	0	13263.07	13263.07	0	507449.84	507449.84	28.18	51	51.4	2709.32	62671.46	23.94	1168300.8	0	2.76	0.81	7594.28	0	8196.08	8196.08	0	11032.53	11032.53	29.36	49	49.6	6834.75	8479.69	26.47	1168362.6	0.73	1.58	1.19	4201.6	0	5433.74	5433.74	0	8783.95	8783.95	31.91	49	54.6	3781.44	5768.82	41.56
2000	70-20-10	1	1105.4	0	0	0	588.82	0	981.37	981.37	0	1065.2	1065.2	13.62	22.4	21.8	412.23	1009.31	0.74	1114.4	0	0	0	618.37	0	717.44	717.44	0	809.76	809.76	13.6	22.4	22	432.93	748.21	0.77	1111	0	0	0	556.11	0	1029.34	1029.34	0	1148.94	1148.94	14.55	24.4	24.2	389.32	1069.2	0.73	1117.6	0	0	0	531.46	0	784.08	784.08	0	846.59	846.59	14.07	24.4	24.2	371.94	804.92	0.79	1111.8	0	0	0	1068.6	0	1326.64	1326.64	0	1459.79	1459.79	13	22.4	22	747.99	1371.04	0.55	1105.2	0	0	0	570.89	0	908.47	908.47	0	1007.28	1007.28	13.03	22.4	21.6	399.61	941.41	0.75
2000	70-20-10	30	1111	0.01	5.67	17.67	1132.23	0	1797.26	1797.26	0	2509.55	2509.55	13.34	22.4	22.2	792.55	2034.67	14.68	1108.8	0.66	4.87	14.53	1191.9	0	1578.11	1578.11	0	2339.91	2339.91	13.76	22.2	21.8	834.3	1832.02	14.8	1105	0	2.98	10.28	943.11	0	9240.34	9240.34	0	77301.1	77301.1	13.84	24	23.4	660.15	31928.55	2.75	1102.2	0	2.92	10.36	915.71	0	8642.65	8642.65	0	75151.33	75151.33	14.03	24.4	24	641.04	30816.33	2.85	1110.8	0.11	16.77	4.24	1902.3	0	3075.38	3075.38	0	3202.26	3202.26	12.98	22.4	22	1331.62	3117.67	10.28	1105.8	8.38	10.6	5.79	1363.45	0	3364.08	3364.08	0	3626.4	3626.4	14.52	22.4	22.2	954.4	3451.52	11.38
2000	70-20-10	61	1105	0.02	12.79	107.79	2110.28	0	3025.87	3025.87	0	5271.2	5271.2	13.39	22.2	22	1477.15	3774.32	18.78	1109.2	1.45	7.07	54.32	2253.9	0	2902.83	2902.83	0	5629.78	5629.78	14.47	21.8	21.6	1577.68	3811.77	18.16	1112	0	3.19	13.32	979.43	0	16337.06	16337.06	0	189660.4	189660.4	13.57	24.2	24	685.68	74144.38	2.59	1102	0	3.02	13.28	932.02	0	16450.06	16450.06	0	191741.69	191741.69	13.75	24.4	23.6	652.42	74900.38	2.57	1113.8	0.37	42.31	8.39	4257.38	0	10186.54	10186.54	0	7066.82	7066.82	12.85	22.4	22	2980.16	9146.58	9.57	1112.2	23.6	24.23	13.9	2811.27	0	16854.85	16854.85	0	14220.46	14220.46	16.8	22.4	21.6	1967.89	15976.65	8.24
2000	70-20-10	90	1103.8	0.03	15.64	177.21	2558.53	0	3683.84	3683.84	0	7352.16	7352.16	13.4	22.2	22	1790.87	4906.57	22.67	1107.2	2.12	7.9	81.01	2719.05	0	3592.86	3592.86	0	8239.67	8239.67	14.86	22.2	21.2	1903.25	5141.85	21.71	1102.2	0	3.3	14.78	1015.34	0	22894.03	22894.03	0	296330.25	296330.25	13.45	24.2	24.2	710.82	114038.57	2.53	1103.2	0	3.09	14.74	943.4	0	21195.68	21195.68	0	299261.13	299261.13	13.61	24.4	23.8	660.44	113928.16	2.54	1105.6	0.47	54.97	9.31	5378.68	0	15062.17	15062.17	0	8922.41	8922.41	12.8	22.4	21.8	3765.18	13015.25	10.74	1112.6	32.93	30.42	15.97	3270.29	0	25579.24	25579.24	0	19737.26	19737.26	18.12	22.4	22	2289.22	23631.51	8.95
2000	70-20-10	122	1111.2	0.03	17.93	258.52	3067.3	0	4384.35	4384.35	0	9954.19	9954.19	13.43	22.2	22.2	2147.06	6240.95	25.69	1110.2	2.84	8.25	114.76	3228.95	0	4288.43	4288.43	0	11874.42	11874.42	15.25	22	21.8	2260.21	6817.08	24.24	1082.8	0	3.29	15.65	1030.07	0	27470.27	27470.27	0	424219.48	424219.48	13.38	24.2	23.4	721.06	159719.59	2.47	1102.6	0	3.14	15.62	959.66	0	27675.39	27675.39	0	420561.27	420561.27	13.55	24.4	24	671.8	158665.42	2.5	1109.2	0.52	64.54	9.69	6477.28	0	20058.99	20058.99	0	10611.05	10611.05	12.73	22.4	21.8	4534.07	16909.33	11.78	1103.8	41.33	34.7	17.21	3783.28	0	34611.1	34611.1	0	25100.46	25100.46	19.23	22.4	22.2	2648.27	31440.98	9.54
2000	70-20-10	150	1104.4	0.04	18.38	284.39	3368.63	0	4783.52	4783.52	0	11632.71	11632.71	13.42	22.2	22	2357.97	7066.58	28.4	1109.6	3.36	8.63	133.8	3530	0	4706.45	4706.45	0	14539.61	14539.61	15.43	22.2	22	2470.91	7984.13	26.48	1101.4	0	3.29	16.23	1051.87	0	30694.34	30694.34	0	537190.58	537190.58	13.52	24	24.2	736.35	199569.79	2.45	1100.6	0	3.15	16.23	983.12	0	31625.31	31625.31	0	532664.86	532664.86	13.6	24.4	24	688.24	198656.5	2.46	1115.6	0.55	71.71	9.91	7315.13	0	24009.55	24009.55	0	11852.2	11852.2	12.67	22.4	22.2	5120.71	19956.61	12.6	1111.8	48.71	38.2	18.02	4158.54	0	41636.46	41636.46	0	29111.6	29111.6	20.17	22.4	22	2910.97	37461.22	10.06
2000	70-20-10	183	1096.6	0.04	18.91	312.92	3719.54	0	5252.43	5252.43	0	13639.96	13639.96	13.44	22.2	22.2	2603.65	8048.22	31.19	1116.2	3.93	9	158.2	3863.55	0	5196.6	5196.6	0	18053.73	18053.73	15.62	22.4	22.2	2704.41	9482.25	28.65	1093.2	0	3.26	16.59	1065.13	0	36222.48	36222.48	0	675153.24	675153.24	13.53	24.4	24	745.69	249250.54	2.4	1091	0	3.15	16.73	992.78	0	36035.28	36035.28	0	671574.29	671574.29	13.59	24.4	23.6	694.97	247873.98	2.42	1117.4	0.58	79.19	10.11	8233.59	0	28503.25	28503.25	0	13157.71	13157.71	12.62	22.4	22.2	5763.61	23387.67	13.42	1110	56.3	41.61	18.73	4568.41	0	49453.12	49453.12	0	33194.7	33194.7	21.14	22.4	21.6	3197.79	44032.85	10.64
2000	70-20-10	210	1100	0.05	19.42	318.49	3954.34	0	5582.14	5582.14	0	14964.73	14964.73	13.42	22.2	22	2768.02	8709.61	33.35	1101.2	4.31	9.42	171.91	4097.04	0	5554.19	5554.19	0	20512.54	20512.54	15.67	22.2	21.6	2867.92	10540.43	30.33	1088.4	0	3.27	16.99	1071.48	0	40855.74	40855.74	0	796652.13	796652.13	13.44	24.4	24	750.11	292862.92	2.35	1096.4	0	3.14	17	1001.01	0	40256.11	40256.11	0	782829.93	782829.93	13.68	24.4	23.6	700.77	287866.74	2.4	1100.4	0.59	84.67	10.24	8973.25	0	32131.32	32131.32	0	14340	14340	12.55	22.4	22	6281.37	26200.66	13.96	1109.6	62.19	44.33	19.49	4874.84	0	55773.5	55773.5	0	36410.36	36410.36	21.88	22.4	22.2	3412.37	49318.26	11.03
2000	70-20-10	244	1111.4	0.05	19.76	325.74	4254.43	0	5974.1	5974.1	0	16685.85	16685.85	13.42	22.6	21.8	2978.12	9545	35.77	1102.6	4.77	9.8	190.79	4375.33	0	5991.56	5991.56	0	23865.67	23865.67	15.77	21.8	21.8	3062.81	11950.14	32.11	1092.8	0	3.23	17.2	1077.08	0	45010.99	45010.99	0	948968.59	948968.59	13.36	24.4	24.6	753.89	346352.81	2.31	1101	0	3.11	17.2	1012.25	0	45327.36	45327.36	0	925167.53	925167.53	13.68	24.4	23.8	708.66	338662.42	2.37	1107.6	0.6	90.97	10.36	9816.44	0	36659.4	36659.4	0	15485.44	15485.44	12.51	22.4	21.8	6871.5	29600.19	14.62	1108.8	69.51	47.27	20.41	5223.69	0	64225.27	64225.27	0	40995.55	40995.55	22.73	22.4	21.8	3656.58	56480.34	11.36
20000	70-20-10	1	10880.8	0	0	0	840.78	0	1409.13	1409.13	0	1462.6	1462.6	20.37	31.2	31	588.52	1426.94	0.59	10866.4	0	0	0	904.1	0	1043.13	1043.13	0	1110.69	1110.69	20.43	31.2	31.2	632.81	1065.64	0.61	10841.8	0	0	0	925.11	0	1623.78	1623.78	0	1858.13	1858.13	21.06	33.2	34.2	647.52	1701.88	0.53	10925.4	0	0	0	950.77	0	1388.81	1388.81	0	1489.92	1489.92	22.31	34	34.8	665.69	1422.47	0.55	10916.2	0	0	0	1712.19	0	2017.27	2017.27	0	2230.41	2230.41	20.55	32	31.6	1198.92	2088.24	0.39	10918.4	0	0	0	1030.41	0	1454.65	1454.65	0	1634	1634	21.21	32	32.8	721.5	1514.35	0.52
20000	70-20-10	30	10897	0.01	2.53	5.59	1407.18	0	2259.01	2259.01	0	2727.42	2727.42	25.74	31.4	36	985.04	2415.15	12.48	10921	0.29	2.24	4.64	1472.6	0	1801.73	1801.73	0	2321.01	2321.01	25.81	30.2	35	1030.86	1974.83	12.99	10911.2	0	2.36	7.72	1443.21	0	7506.6	7506.6	0	51414.76	51414.76	25.45	33.6	37.2	1010.17	22148.18	3.57	10912.4	0	2.3	7.76	1373.5	0	7169.11	7169.11	0	50967.15	50967.15	25.34	34	36.6	961.49	21769.48	3.64	10893.2	0.04	6.77	1.82	2400.72	0	3127.59	3127.59	0	3607.95	3607.95	24.62	32	36.4	1680.51	3287.69	8.86	10912.8	3.07	4.36	2.22	1636.42	0	2739.13	2739.13	0	3234.42	3234.42	26.15	32	33	1145.5	2904.22	10.95
20000	70-20-10	61	10930.2	0.01	6.34	29.1	1878.71	0	2820.74	2820.74	0	3722.11	3722.11	24.01	31	34.8	1315.08	3121.23	20.73	10902	0.73	4.21	15.96	2051.68	0	2533.51	2533.51	0	3652.7	3652.7	26.71	30.6	35.4	1436.15	2906.64	20.39	10876.4	0	2.45	10.43	1499.58	0	14005.27	14005.27	0	147330.79	147330.79	24.18	33.4	36.4	1049.65	58460.78	3.15	10915.2	0	2.38	10.37	1389.74	0	13856.87	13856.87	0	145896.9	145896.9	24.91	34	35.8	972.84	57859.22	3.2	10917.8	0.15	20.8	4.5	3319.22	0	5525.71	5525.71	0	5080.26	5080.26	24.89	32	34.8	2323.52	5377.24	13.08	10903	13	13.82	7.77	2612.69	0	8749.26	8749.26	0	8055.27	8055.27	29.87	32	37	1828.89	8517.94	11.95
20000	70-20-10	90	10882	0.02	8.98	56.85	2344.32	0	3547.73	3547.73	0	4951.47	4951.47	25.66	31.2	37.2	1641	4015.68	24.88	10901.4	1.15	5.37	27.6	2508.26	0	3183.2	3183.2	0	5180.3	5180.3	27.12	30.6	34.6	1755.74	3848.94	24.56	10920.4	0	2.57	11.69	1538.47	0	19066.65	19066.65	0	231854.1	231854.1	24.29	32.8	35.2	1077.01	89991.88	3.12	10921.2	0	2.45	11.64	1437.15	0	17969.88	17969.88	0	232101.1	232101.1	24.68	34	35	1005.9	89323.77	3.15	10923.2	0.27	34.43	6.26	4546.65	0	9519.5	9519.5	0	7073.83	7073.83	24.58	32	35.2	3182.78	8704.22	13.64	10869	21.34	20.49	10.65	3182.73	0	16405.73	16405.73	0	13349.39	13349.39	32.94	32	34.4	2227.99	15386.86	11.8
20000	70-20-10	122	10900	0.02	11.23	102.38	2810.15	0	4210.37	4210.37	0	6537.93	6537.93	25.24	30.8	34	1967.06	4986.21	28.61	10905.2	1.65	5.87	41.64	3002	0	3937.36	3937.36	0	7311.25	7311.25	27.81	31	35.2	2101.32	5061.95	27.7	10893.2	0	2.6	12.46	1591.25	0	23156.99	23156.99	0	333946.78	333946.78	24.61	32.8	35.2	1113.82	126774.85	3.05	10894.8	0	2.49	12.44	1451.17	0	22508.86	22508.86	0	331290.17	331290.17	24.22	34	34	1015.69	125352.17	3.1	10918	0.35	44.52	7.04	5733.39	0	14189.35	14189.35	0	9073.29	9073.29	24.52	32	36.2	4013.4	12483.74	14.19	10881.4	28.47	24.79	12.12	3702.31	0	24257.08	24257.08	0	18366.4	18366.4	35.57	32	34.8	2591.73	22293.24	12.1
20000	70-20-10	150	10919.2	0.03	11.82	121.42	3143.56	0	4660.99	4660.99	0	7720.79	7720.79	25.24	30.8	35.2	2200.42	5680.95	31.26	10906.4	2.04	6.3	51.38	3335.65	0	4338.22	4338.22	0	8976.42	8976.42	27.9	30.8	36.6	2334.88	5884.32	30.16	10903.8	0	2.59	12.91	1597.97	0	26158.96	26158.96	0	422117.42	422117.42	23.53	33	34	1118.69	158145.23	3.04	10904	0	2.49	12.97	1480.85	0	25102.49	25102.49	0	420326.78	420326.78	23.85	34	34.4	1036.61	156727.93	3.07	10929	0.38	50.37	7.31	6538.1	0	17542.85	17542.85	0	10458.12	10458.12	24.34	32	34	4576.8	15181.08	14.94	10898.8	34.01	27.7	12.86	4051.51	0	30075.68	30075.68	0	21896.01	21896.01	37.21	32	34.6	2836.08	27348.93	12.61
20000	70-20-10	183	10843.8	0.03	12.47	145.32	3519.22	0	5217	5217	0	9171.49	9171.49	25.57	30.8	35.6	2463.41	6535.08	34.01	10910.6	2.51	6.64	63.84	3703.49	0	4884.36	4884.36	0	11242.86	11242.86	28.3	30.6	35	2592.36	7003.83	32.58	10922.4	0	2.58	13.46	1626.06	0	30289.39	30289.39	0	534780.29	534780.29	23.29	33.6	34	1138.32	198441.58	2.98	10901.8	0	2.49	13.39	1478.49	0	28887.64	28887.64	0	528403.14	528403.14	23.1	34	33.6	1034.96	195293.25	3.03	10907.8	0.41	56.88	7.57	7456.98	0	21464.29	21464.29	0	11786.56	11786.56	24.49	32	33.6	5219.93	18238.37	15.69	10886.8	40.23	30.77	13.5	4449.05	0	36764.69	36764.69	0	25569.6	25569.6	39.2	32	33.2	3114.22	33033.26	13.13
20000	70-20-10	210	10881.6	0.03	12.64	153.46	3782.63	0	5576.04	5576.04	0	10237	10237	25.26	31.4	35.2	2647.77	7129.7	36.09	10891.8	2.83	6.95	71.44	3992.67	0	5221.18	5221.18	0	12877.04	12877.04	29.06	31	35.2	2794.8	7773.16	34.22	10915.8	0	2.58	13.71	1636.49	0	33011.73	33011.73	0	628814.75	628814.75	22.88	33	33.6	1145.57	231575.18	2.94	10896.8	0	2.48	13.67	1503.91	0	31177.31	31177.31	0	623874.56	623874.56	23.17	34	33.8	1052.78	228639.94	2.99	10918.6	0.42	61.05	7.65	8151.23	0	24407.8	24407.8	0	12924.22	12924.22	24.35	32	35.8	5705.79	20579.93	16.26	10912.6	44.96	32.83	14.17	4765.69	0	42052.1	42052.1	0	28523.07	28523.07	40.95	32	36.4	3335.92	37543.04	13.5
20000	70-20-10	244	10915.6	0.04	13.11	174.51	4103.46	0	6090.74	6090.74	0	11628.96	11628.96	25.28	31.2	36.2	2872.29	7936.7	38.31	10901	3.23	7.33	82.84	4300.2	0	5757.5	5757.5	0	15170.41	15170.41	29.06	30.6	35.8	3010	8894.98	36.11	10902.8	0	2.58	13.89	1654.99	0	36771.47	36771.47	0	755589.36	755589.36	22.55	32.8	34.2	1158.49	276312.43	2.87	10888.6	0	2.49	13.92	1509.2	0	35923.39	35923.39	0	740007.61	740007.61	22.77	34	34	1056.49	270552.67	2.94	10903.2	0.43	66.34	7.77	8976	0	28187.91	28187.91	0	14027.7	14027.7	24.35	32	35.4	6282.98	23468.09	16.94	10893.2	50.9	35.36	14.99	5117.35	0	49140.38	49140.38	0	32191.6	32191.6	42.76	32	33.4	3582.09	43491.06	13.84
200000	70-20-10	1	107662.6	0	0	0	1442.38	0	2087.15	2087.15	0	2123.57	2123.57	21.71	42.2	42	1010.09	2099.29	0.39	107682	0	0	0	1492.76	0	1676.88	1676.88	0	1761.93	1761.93	21.76	42.2	41.8	1045.31	1705.23	0.4	107594.8	0	0	0	1590.96	0	2410.77	2410.77	0	2765.97	2765.97	22.48	44.2	44	1114.23	2529.24	0.36	107670	0	0	0	1573.15	0	2129.94	2129.94	0	2307.43	2307.43	22.59	42	41.8	1100.93	2189.11	0.37	107530.4	0	0	0	2458.14	0	2883.9	2883.9	0	3169.71	3169.71	21.02	40	39.8	1720.56	2979.26	0.28	107650.8	0	0	0	1743.56	0	2242.99	2242.99	0	2512.17	2512.17	21.45	40	39.8	1220.27	2332.69	0.35
200000	70-20-10	30	107888.4	0	1.26	2.29	1952.76	0	2950.57	2950.57	0	3303.94	3303.94	32.27	40.6	52.2	1366.92	3068.38	9.45	107928.4	0.13	1.16	2.01	1998.05	0	2317.13	2317.13	0	2738.26	2738.26	32.34	39.8	53	1398.63	2457.54	9.96	107899.4	0	1.92	5.55	2108.72	0	6528.74	6528.74	0	30561.91	30561.91	29.17	42.6	47.4	1476.13	14537.21	4.45	107927	0	1.86	5.65	2023.26	0	6053.58	6053.58	0	31409.24	31409.24	29.55	42	49.6	1416.27	14505.73	4.5	107806.4	0.02	3.29	0.91	3295.03	0	3915.05	3915.05	0	4510.46	4510.46	30.5	40	51.4	2306.41	4113.56	6.76	107842.8	1.32	1.93	0.99	2364.06	0	3246.44	3246.44	0	3803.31	3803.31	32.22	40	54	1654.75	3432.1	8.36
200000	70-20-10	61	107822.2	0.01	2.74	6.45	2248.56	0	3367.01	3367.01	0	3812.52	3812.52	35.69	40	62.2	1573.96	3515.49	17.38	107853.8	0.31	2.36	5.07	2319.48	0	2712.47	2712.47	0	3271.52	3271.52	36.29	41	62.8	1623.61	2898.79	18.13	107935.4	0	2	8.23	2140.32	0	12938.62	12938.62	0	113800.83	113800.83	28.61	42.4	45.8	1498.46	46555.49	3.73	107809.2	0	1.91	8.26	2030.14	0	12334.08	12334.08	0	113925.2	113925.2	28.55	42	43.8	1421.12	46195.74	3.77	107889.4	0.05	8.05	1.96	3707.91	0	4645.56	4645.56	0	5105.18	5105.18	33.32	40	56.8	2595.5	4798.78	12.37	107764.8	3.98	4.92	2.56	2766.37	0	4398.62	4398.62	0	4850.33	4850.33	36.93	40	58.4	1936.45	4549.21	14.55
200000	70-20-10	90	107914	0.01	4.28	12.26	2614.91	0	4025.28	4025.28	0	4569.28	4569.28	36.91	40	62.8	1830.39	4206.58	22.2	107861.2	0.5	3.45	8.97	2664.87	0	3179.87	3179.87	0	3947.26	3947.26	38.83	40.4	64.2	1865.36	3435.61	23.44	108003.2	0	2.07	9.37	2194.5	0	16780.74	16780.74	0	184183.58	184183.58	27.54	42.8	43.2	1536.3	72593.67	3.71	107899.2	0	2.02	9.37	2076.3	0	16007.95	16007.95	0	182898.55	182898.55	28	42	43.8	1453.45	71637.58	3.77	107836.6	0.08	14.12	2.96	4529.91	0	6127.23	6127.23	0	6237.81	6237.81	34.53	40	58.2	3170.9	6164.1	14.97	107855	10.01	10.47	5.35	3376.94	0	8222.62	8222.62	0	7791.93	7791.93	40.64	40	59	2363.85	8079.05	15.62
200000	70-20-10	122	107975.8	0.01	5.85	21.94	3016.45	0	4650.44	4650.44	0	5374.04	5374.04	38.08	40.2	65.6	2111.46	4891.61	26.56	107984	0.76	4.29	14.97	3061.58	0	3749.96	3749.96	0	4961.42	4961.42	40.1	40.2	66.6	2143.05	4153.73	27.85	107968.4	0	2.13	10.08	2239.12	0	20547.26	20547.26	0	267585.5	267585.5	27.02	42.6	43.4	1567.47	102908.07	3.66	107777.4	0	2.06	10.17	2098.1	0	19581.63	19581.63	0	264987.84	264987.84	27.65	42	42.4	1468.71	101381.46	3.72	107816.4	0.16	24.07	4.28	5583.39	0	9076	9076	0	7835.86	7835.86	34.98	40	61	3908.38	8662.61	16.17	107879.6	18.13	16.64	8.14	4011.15	0	15742.33	15742.33	0	13040.22	13040.22	44.14	40	57	2807.83	14841.69	14.74
200000	70-20-10	150	107886.2	0.02	6.69	27.78	3427.61	0	5388.39	5388.39	0	6272.25	6272.25	38.79	39.4	67.2	2399.31	5682.96	28.72	107986.8	0.95	4.8	18.98	3458.25	0	4276.57	4276.57	0	5916.57	5916.57	41.2	41	67.4	2420.78	4823.14	30.22	107952	0	2.11	10.55	2276.26	0	22974.08	22974.08	0	341393.41	341393.41	26.9	43.4	43.8	1593.53	129120.01	3.63	107833.6	0	2.07	10.52	2119.12	0	21836.26	21836.26	0	339018.56	339018.56	27.07	42	42.2	1483.41	127542.16	3.69	107812.6	0.21	30.8	4.94	6592.4	0	12036.07	12036.07	0	9419.03	9419.03	34.51	40	57.8	4614.92	11163.78	16.47	107868	23.14	19.42	9.04	4475.37	0	21263.06	21263.06	0	16530.58	16530.58	47.38	40	59	3132.86	19685.73	14.82
200000	70-20-10	183	107907	0.02	7.4	35.31	3874.48	0	6096.84	6096.84	0	7243.74	7243.74	39.49	40.4	69.6	2712.15	6479.1	31.2	108040.4	1.2	5.21	24.31	3869.29	0	4840.9	4840.9	0	7104.51	7104.51	42.29	40	65.8	2708.53	5595.33	32.89	108008.8	0	2.15	10.91	2287.95	0	27188.04	27188.04	0	433599.6	433599.6	26.27	41.8	42.6	1601.71	162658.19	3.56	107805.4	0	2.09	10.93	2137.49	0	25264.29	25264.29	0	424407.03	424407.03	26.46	42	41.6	1496.22	158293.72	3.67	107863.8	0.25	37.41	5.37	7816.16	0	15718.68	15718.68	0	11166.36	11166.36	35.11	40	60.6	5471.52	14201.4	16.71	107907	29.05	22.19	9.9	4970.24	0	27713.4	27713.4	0	20666.28	20666.28	50.66	40	58.6	3479.33	25364.41	14.97
200000	70-20-10	210	107933.6	0.02	7.89	38.83	4243.94	0	6821.56	6821.56	0	8167.56	8167.56	39.69	40	71.8	2970.77	7270.17	32.5	107971.2	1.38	5.48	27.63	4222.72	0	5309.29	5309.29	0	8059.96	8059.96	42.84	40.6	67.8	2955.9	6226.06	34.44	107940	0	2.14	11.15	2328.65	0	29835.35	29835.35	0	512708.37	512708.37	26.06	43.2	42.8	1630.1	190821.48	3.51	107875.6	0	2.06	11.18	2150.31	0	27705.65	27705.65	0	503842.68	503842.68	26.17	42	41.4	1505.1	186401.41	3.6	107829	0.26	40.75	5.5	8803.37	0	18331.28	18331.28	0	12497.12	12497.12	35.27	40	61	6162.56	16386.52	16.93	107888.6	33.18	23.83	10.46	5410.62	0	32533.85	32533.85	0	23619.35	23619.35	53.33	40	60	3787.6	29562.21	15.14
200000	70-20-10	244	107958.6	0.02	9.16	44.08	4623.96	0	7556.35	7556.35	0	9215.23	9215.23	39.55	39.6	70.6	3236.83	8109.25	34.41	107987.6	1.65	5.8	32.99	4608.77	0	5847.56	5847.56	0	9414.94	9414.94	43.28	40	72	3226.15	7036.56	36.37	107956.4	0	2.12	11.4	2329.41	0	30804.12	30804.12	0	612274.19	612274.19	25.3	42	42.2	1630.69	224674.14	3.48	107797.4	0	2.07	11.38	2163.49	0	29717	29717	0	604392.34	604392.34	25.64	42	41.2	1514.39	221227.34	3.55	107793	0.27	44.92	5.63	9956.64	0	21610.41	21610.41	0	13973.31	13973.31	35.49	40	63.4	6969.88	19064.66	17.28	107806.4	38.5	25.97	11.16	5762.96	0	38803.43	38803.43	0	27204.49	27204.49	55.23	40	55	4034.23	34937.08	15.47
2000000	70-20-10	1	1024030.6	0	0	0	2206.16	0	2951.43	2951.43	0	2970.55	2970.55	25.25	50.6	50.6	1544.28	2957.8	0.3	1024550	0	0	0	2255.2	0	2511.43	2511.43	0	2565.17	2565.17	25.3	50.6	50.6	1578.68	2529.32	0.3	1022765.6	0	0	0	2351.23	0	3306.27	3306.27	0	3724.72	3724.72	26.12	52.6	52.6	1645.83	3445.64	0.27	1023597.4	0	0	0	2301.05	0	2954.77	2954.77	0	3132.52	3132.52	24.66	51	50.4	1610.85	3014.04	0.29	1019491.6	0	0	0	3447.27	0	3890.34	3890.34	0	4190.1	4190.1	23.19	49	48.8	2412.68	3990.37	0.22	1022011.2	0	0	0	2682.8	0	3251.57	3251.57	0	3588.56	3588.56	23.44	49	48.4	1877.91	3363.96	0.26
2000000	70-20-10	30	1070092.8	0	0.74	1.3	2495.18	0	3437.81	3437.81	0	3752.54	3752.54	33.62	51.2	56.4	1746.52	3542.72	7.98	1070213.4	0.07	0.7	1.12	2547.35	0	2856.64	2856.64	0	3208.9	3208.9	33.66	50	56.4	1783.06	2974.04	8.28	1069750	0	1.44	3.7	2848.7	0	5988.29	5988.29	0	19797.15	19797.15	32.07	52.8	54.8	1994.01	10590.98	4.89	1070087.6	0	1.43	3.82	2741.26	0	5647.28	5647.28	0	19707.3	19707.3	30.94	51	50.6	1918.96	10334.14	5.01	1070206	0.01	1.97	0.55	3957.58	0	4541.34	4541.34	0	5122.71	5122.71	30.52	49	50.4	2770.33	4735.13	5.81	1070292.2	0.74	1.08	0.57	3032.46	0	3804.53	3804.53	0	4389.3	4389.3	31.23	49	52.2	2122.77	3999.43	6.98
2000000	70-20-10	61	1069940.2	0	1.61	3.22	2693.69	0	3731.14	3731.14	0	4085.77	4085.77	35.62	51	63.4	1885.55	3849.35	15.28	1070135.6	0.17	1.46	2.7	2728.08	0	3077.72	3077.72	0	3494.5	3494.5	36.79	53.6	64	1909.58	3216.63	15.96	1069113.8	0	1.63	6.7	2834.48	0	12075.35	12075.35	0	89506.77	89506.77	30.88	53.6	54.2	1984.18	37882.59	4.27	1069038.8	0	1.62	6.69	2738.68	0	11671.36	11671.36	0	89644.81	89644.81	30.06	51	50.6	1916.96	37672.45	4.3	1070282.2	0.03	4.57	1.17	4284.34	0	5072.49	5072.49	0	5662.5	5662.5	33.21	49	56.6	2999.13	5269.17	10.98	1070223.8	1.85	2.55	1.3	3313.96	0	4430.19	4430.19	0	5004.91	5004.91	34.95	49	59.2	2319.86	4621.77	13.01
2000000	70-20-10	90	1070117.4	0	2.58	5.48	3023.96	0	4309.58	4309.58	0	4676.37	4676.37	37.39	51.4	66.6	2116.74	4431.84	20.13	1070536.2	0.27	2.27	4.37	2999.24	0	3462.21	3462.21	0	3910.72	3910.72	38.45	51.8	65	2099.44	3611.71	21.39	1069193.2	0	1.77	7.78	2943.82	0	15710.78	15710.78	0	149760.61	149760.61	30.69	54	54.2	2060.55	60391.49	4.25	1069176.6	0	1.7	7.79	2812.3	0	14622.77	14622.77	0	148076.7	148076.7	29.85	51	50.4	1968.57	59114.27	4.35	1070160.6	0.04	7.51	1.71	4912.43	0	6029.9	6029.9	0	6495.6	6495.6	33.92	49	60.6	3438.74	6185.16	14.17	1070457.6	3.77	4.72	2.3	3648.56	0	5472.77	5472.77	0	5948.22	5948.22	37.23	49	60.6	2554.02	5631.26	16.98
2000000	70-20-10	122	1070500.2	0.01	3.64	8.99	3334.06	0	4796.15	4796.15	0	5213.77	5213.77	38.52	51.2	68.8	2333.77	4935.36	24.98	1070346	0.41	3	6.99	3281.31	0	3868.21	3868.21	0	4432.73	4432.73	40.38	51	69.8	2296.86	4056.38	26.62	1069687	0	1.79	8.49	3056.1	0	18881.35	18881.35	0	218603.03	218603.03	30.71	53.2	53.6	2139.43	85425.8	4.24	1069310.6	0	1.75	8.47	2852.97	0	17996.66	17996.66	0	216727.48	216727.48	29.5	51	49.8	1996.96	84231.55	4.32	1070245.8	0.07	12.49	2.47	5557.78	0	7208.69	7208.69	0	7462.8	7462.8	34.83	49	62.2	3890.38	7293.41	16.94	1070334	9.09	9.4	4.53	4200.44	0	9198.64	9198.64	0	8704.16	8704.16	40.69	49	60.8	2940.28	9033.76	18.05
2000000	70-20-10	150	1070596.6	0.01	4.31	11.64	3761.33	0	5472.94	5472.94	0	6002.95	6002.95	38.96	51	68.2	2632.82	5649.62	27.24	1070313.2	0.52	3.57	9.27	3608.65	0	4272.96	4272.96	0	5038.22	5038.22	41.2	51.8	69.2	2526.02	4528.06	29.63	1069482.8	0	1.81	8.91	3124.17	0	21527.17	21527.17	0	282948.64	282948.64	29.35	51.8	52.6	2187.07	108641.1	4.19	1069106.8	0	1.76	8.83	2881.92	0	21051.58	21051.58	0	282113.05	282113.05	29.09	51	50	2017.41	108047.4	4.23	1070546.8	0.1	16.96	2.99	6572.34	0	9092.09	9092.09	0	8745.11	8745.11	35.17	49	63.6	4600.48	8976.4	17.54	1070435.2	14.56	13.09	6.23	4787.55	0	14290.36	14290.36	0	12485.78	12485.78	43.91	49	61.4	3351.21	13688.72	17.34
2000000	70-20-10	183	1070450.4	0.01	5.02	14.77	4255.62	0	6224.47	6224.47	0	6838.1	6838.1	39.74	51.4	74.2	2978.84	6429.03	29.64	1070520	0.66	4.06	12.33	3972.58	0	4763.04	4763.04	0	5775	5775	42.36	51.4	74.6	2780.76	5100.39	32.8	1069553.4	0	1.83	9.23	3282.15	0	24817.99	24817.99	0	359043.31	359043.31	29.36	54.4	55.2	2297.64	136195.28	4.14	1069279.6	0	1.77	9.17	2900.78	0	23435.84	23435.84	0	358310.14	358310.14	28.98	51	50	2030.48	135018.63	4.2	1070249	0.14	23.69	3.69	7611.06	0	11978.29	11978.29	0	10229.95	10229.95	34.75	49	62.8	5327.68	11395.4	18.17	1070156.4	20.63	16.28	7.54	5330.32	0	20449.02	20449.02	0	16579.45	16579.45	47.07	49	60.2	3731.23	19158.98	17.04
2000000	70-20-10	210	1070421	0.01	5.47	15.79	4756.01	0	7086.03	7086.03	0	7930.54	7930.54	39.71	51.4	71.4	3329.15	7367.53	30.41	1070591.6	0.76	4.39	14.33	4323.06	0	5213.24	5213.24	0	6448.83	6448.83	42.61	51.2	73.2	3026.08	5625.1	34.5	1069416.6	0	1.83	9.39	3368.14	0	25877.64	25877.64	0	424653.71	424653.71	28.88	54.2	53.8	2357.97	158784.7	4.12	1069197.4	0	1.78	9.35	2909.36	0	25612.75	25612.75	0	421933.69	421933.69	28.12	51	50	2036.5	157663.39	4.17	1070026.6	0.16	26.79	3.89	8725.24	0	14177.92	14177.92	0	11666.05	11666.05	35.29	49	63.4	6107.7	13340.48	18.23	1070243.6	24.53	18.04	8.09	5773.63	0	25123.03	25123.03	0	19498.7	19498.7	49.14	49	61	4041.54	23248.02	17
2000000	70-20-10	244	1070502.8	0.01	5.92	16.61	5366.35	0	8216.82	8216.82	0	9301.24	9301.24	40.1	51.2	74	3756.37	8578.29	31.26	1070224.4	0.91	4.72	17.11	4721.51	0	5775.06	5775.06	0	7324.6	7324.6	43.38	51.2	76	3304.97	6291.59	36.55	1069495.8	0	1.83	9.67	3505.16	0	28447.66	28447.66	0	513184.27	513184.27	28.37	53.8	53.8	2454.06	189971.44	4.03	1069208	0	1.77	9.59	2925.39	0	27325.83	27325.83	0	509145.15	509145.15	27.56	51	50.4	2047.69	187881.28	4.11	1070372.4	0.18	31.14	4.14	9895.79	0	17197.76	17197.76	0	13165.69	13165.69	35.29	49	62.2	6926.98	15853.62	18.5	1070084	29.39	19.82	8.83	6222.78	0	30813.45	30813.45	0	23100.89	23100.89	52.19	49	61	4355.92	28242.53	17.15
2000	0-50-50	1	989.6	0	0	0	nan	0	978.49	978.49	0	981.43	981.43	12.56	22.4	21.8	0	979.96	0.62	1003	0	0	0	nan	0	736.16	736.16	0	740.91	740.91	12.56	22.4	22	0	738.53	0.72	1000.8	0	0	0	nan	0	1085.05	1085.05	0	1028.45	1028.45	12.56	24.4	23.8	0	1056.75	0.58	1009.6	0	0	0	nan	0	875.88	875.88	0	740.5	740.5	12.61	24.4	23.6	0	808.2	0.68	994.2	0	0	0	nan	0	1391.35	1391.35	0	1313.94	1313.94	12.13	22.4	21.4	0	1352.65	0.49	997.6	0	0	0	nan	0	969.69	969.69	0	901.03	901.03	12.12	22.4	21.8	0	935.36	0.63
2000	0-50-50	30	993.2	0.14	15.49	67.07	nan	0	2567.73	2567.73	0	3655.36	3655.36	12.57	22.4	21.4	0	3111.52	8	1000.2	3.35	10.48	49.12	nan	0	2526.65	2526.65	0	4029.22	4029.22	16.54	22.6	22	0	3277.92	7.66	1003.4	0	4.04	8.6	nan	0	13529.16	13529.16	0	69229.43	69229.43	12.21	24	23.4	0	41370.77	0.71	1000.4	0	3.77	8.43	nan	0	13063.24	13063.24	0	68409.01	68409.01	13.13	24.4	24	0	40733.3	0.72	1008.8	1.66	57.87	7.98	nan	0	7880.31	7880.31	0	4555.18	4555.18	12.19	22.4	21.6	0	6217.83	4.37	1009	62.77	28.99	11.55	nan	0	10427.45	10427.45	0	7591.18	7591.18	21.75	22.4	21.4	0	9009.47	3.11
2000	0-50-50	61	991.6	0.17	28.16	332.67	nan	0	4220.17	4220.17	0	10005.41	10005.41	12.83	22.4	21.8	0	7112.82	7.88	1002	5.45	10.71	146.76	nan	0	4442.08	4442.08	0	11317.21	11317.21	21.67	22.4	21.6	0	7879.65	7.17	1003.6	0	4.32	10.65	nan	0	24107.29	24107.29	0	155544.5	155544.5	12.1	24.2	24	0	89813.91	0.67	996.8	0	3.97	10.42	nan	0	24646.1	24646.1	0	155163.61	155163.61	13.09	24.4	23.2	0	89907.25	0.68	1014	3.05	91.61	9.71	nan	0	22678.21	22678.21	0	9305.55	9305.55	12.17	22.4	21.6	0	15992.29	3.67	1014.2	110.15	42.16	15.56	nan	0	32485.04	32485.04	0	20699.86	20699.86	27.61	22.4	21.4	0	26592.01	2.24
2000	0-50-50	90	998	0.2	30.71	424.4	nan	0	4756.64	4756.64	0	13159.24	13159.24	12.95	21.6	21.2	0	8957.93	9.34	1000.6	7.01	11.69	192.22	nan	0	5047.26	5047.26	0	15263.98	15263.98	23.69	22.2	20.8	0	10155.58	8.32	998.2	0	4.34	11.55	nan	0	32125.74	32125.74	0	242404.79	242404.79	12.04	24	23.8	0	137261.38	0.65	998.8	0	4.04	11.49	nan	0	32077.74	32077.74	0	239029.91	239029.91	13.13	24.4	23.4	0	135543.52	0.66	1004.4	3.27	108.32	9.85	nan	0	29822.52	29822.52	0	10647.54	10647.54	12.15	22.4	22	0	20234.73	4.3	1004.2	143.2	48.69	15.92	nan	0	43410.95	43410.95	0	25227.67	25227.67	31.41	22.4	21.8	0	34318.81	2.57
2000	0-50-50	122	1001.2	0.22	33.45	482.47	nan	0	5348.21	5348.21	0	16163.78	16163.78	12.99	22.2	21.6	0	10756.18	10.64	1001.6	8.25	12.45	231.99	nan	0	5838.52	5838.52	0	19828.94	19828.94	25.33	22.2	21.6	0	12833.41	9.03	1004.4	0	4.33	12.15	nan	0	40407.67	40407.67	0	341339.68	341339.68	12.07	24.4	24	0	190874.69	0.64	992.6	0	4.11	12.16	nan	0	40158.44	40158.44	0	334228.71	334228.71	13.16	24.4	23.8	0	187183.44	0.65	1005	3.4	121.09	9.87	nan	0	37325.22	37325.22	0	12317.64	12317.64	12.12	22.4	21.6	0	24821.07	4.77	1008.2	173.85	53.69	16.38	nan	0	54863.98	54863.98	0	30087.48	30087.48	34.89	22.4	22	0	42476.43	2.83
2000	0-50-50	150	998.4	0.24	33.01	473.81	nan	0	5753.64	5753.64	0	17885.57	17885.57	12.97	22.2	21.2	0	11819.7	11.93	991.8	9.15	13.08	246.93	nan	0	6253.48	6253.48	0	22957.3	22957.3	25.72	22.2	21.2	0	14605.28	9.78	992.8	0	4.34	12.52	nan	0	48672.83	48672.83	0	428436.67	428436.67	12.12	24.2	24.2	0	238521.46	0.63	990	0	4.09	12.49	nan	0	44446.81	44446.81	0	421176.41	421176.41	13.22	24.4	23.8	0	232774.75	0.64	1007.2	3.53	132.81	10.01	nan	0	43713.74	43713.74	0	13516.64	13516.64	12.1	22.4	21.8	0	28614.48	5.11	1009.8	199.81	57.98	16.99	nan	0	63773.86	63773.86	0	33995.92	33995.92	37.65	22.4	21.4	0	48884.9	3.02
2000	0-50-50	183	993.6	0.25	33.05	469.4	nan	0	6273.86	6273.86	0	19846.89	19846.89	12.92	22.2	22.4	0	13060.22	13.21	1002.8	10.04	13.61	263.7	nan	0	6802.9	6802.9	0	26640.78	26640.78	26.12	21.8	21.2	0	16721.75	10.47	1005.6	0	4.29	12.77	nan	0	53545.17	53545.17	0	535265.57	535265.57	12.13	23.8	23.4	0	294357.2	0.62	993.6	0	4.12	12.88	nan	0	52901.86	52901.86	0	526120.5	526120.5	13.3	24.4	23.6	0	289484.5	0.63	1008.6	3.68	143.99	10.16	nan	0	51082.91	51082.91	0	14902.76	14902.76	12.07	22.4	21.6	0	32992.29	5.41	1003	227.16	62.59	17.43	nan	0	74163.37	74163.37	0	38220.68	38220.68	40.33	22.4	21.6	0	56191.95	3.22
2000	0-50-50	210	1007.4	0.26	32.66	457.56	nan	0	6703.22	6703.22	0	21265.24	21265.24	12.87	22	21	0	13983.95	14.15	1005.6	10.69	14.12	271.86	nan	0	7200.51	7200.51	0	29195.33	29195.33	26.26	22	21.6	0	18197.4	11.06	1003.4	0	4.31	13.06	nan	0	60917.62	60917.62	0	628621.25	628621.25	12.2	24.4	23.4	0	344721.49	0.61	987.6	0	4.16	13.03	nan	0	61024.6	61024.6	0	608929.06	608929.06	13.36	24.4	23.4	0	334944.58	0.63	1011.2	3.71	151.79	10.19	nan	0	56531.68	56531.68	0	15836.48	15836.48	12.05	22.4	21.6	0	36185.22	5.65	1014.4	246.81	65.67	18.01	nan	0	82340.22	82340.22	0	41487.26	41487.26	42.54	22.4	21.6	0	61913.96	3.35
2000	0-50-50	244	1005.6	0.27	32.86	450.24	nan	0	7189.45	7189.45	0	23075.34	23075.34	12.81	22.4	21.6	0	15131.96	15.22	1003.6	11.42	14.64	283.64	nan	0	7673.76	7673.76	0	32509.48	32509.48	26.53	22.2	21	0	20091.02	11.66	997.6	0	4.3	13.2	nan	0	69933.68	69933.68	0	748810.68	748810.68	12.32	24.6	24.2	0	409361.91	0.59	982.2	0	4.14	13.27	nan	0	68156.3	68156.3	0	723420.49	723420.49	13.41	24.4	23.6	0	395738.19	0.61	1010.4	3.77	161.11	10.28	nan	0	63682.48	63682.48	0	17134.66	17134.66	12	22.4	21.6	0	40410.71	5.91	1009.2	271.74	69.46	18.67	nan	0	92876.11	92876.11	0	45867.13	45867.13	45.13	22.4	21.6	0	69371.71	3.48
20000	0-50-50	1	9961.8	0	0	0	nan	0	1458.9	1458.9	0	1437.35	1437.35	21.2	31.2	31.8	0	1448.12	0.47	9950.6	0	0	0	nan	0	1084.17	1084.17	0	1077.63	1077.63	21.33	31.2	31	0	1080.9	0.56	10010.6	0	0	0	nan	0	1720.2	1720.2	0	1677.08	1677.08	21.18	33.2	32.8	0	1698.62	0.4	10011.8	0	0	0	nan	0	1435.96	1435.96	0	1297.78	1297.78	22.53	34	33.4	0	1366.92	0.47	10020	0	0	0	nan	0	2198.64	2198.64	0	2116.34	2116.34	21.67	32	32.6	0	2157.53	0.34	10026	0	0	0	nan	0	1595.01	1595.01	0	1510.85	1510.85	21.97	32	32.4	0	1552.96	0.43
20000	0-50-50	30	10019.6	0.08	9.01	22.34	nan	0	2681.56	2681.56	0	2992.08	2992.08	22.76	30.6	33.2	0	2836.81	8.51	9988.8	1.84	6.96	18.85	nan	0	2445.38	2445.38	0	2992.43	2992.43	27.21	30.4	34	0	2718.9	8.81	9990.8	0	3.1	6.77	nan	0	12223.1	12223.1	0	56060.19	56060.19	22.44	33.2	33.8	0	34146.44	0.86	10021.2	0	3	6.7	nan	0	11370.13	11370.13	0	54665.88	54665.88	23.76	34	33.6	0	33029.44	0.89	10024.6	0.81	32.94	4.86	nan	0	5471.89	5471.89	0	4117	4117	22.36	32	32.4	0	4794.49	5.4	9987.2	37.21	18.43	6.98	nan	0	7009.4	7009.4	0	5495.12	5495.12	35.96	32	32.8	0	6252.38	4.28
20000	0-50-50	61	10012	0.13	17.42	160.21	nan	0	3901.3	3901.3	0	6577.76	6577.76	22.02	31	32.2	0	5239.52	10.29	10006.4	3.82	7.63	59.73	nan	0	4019.25	4019.25	0	7630.56	7630.56	32.79	30.2	32.2	0	5824.89	9.37	9994.6	0	3.38	8.53	nan	0	20753.92	20753.92	0	126965.67	126965.67	21.39	33	33	0	73853.46	0.82	10015.6	0	3.17	8.47	nan	0	20325.16	20325.16	0	125830.06	125830.06	23.71	34	34	0	73079.09	0.83	9986.8	2.14	66.16	7.22	nan	0	16450.19	16450.19	0	7955.52	7955.52	22.44	32	32.6	0	12202.85	4.71	10012.4	78.38	30.36	11.07	nan	0	23618.73	23618.73	0	15663.79	15663.79	48.36	32	32.2	0	19640.62	2.99
20000	0-50-50	90	10022.8	0.15	20.68	251.99	nan	0	4629.17	4629.17	0	9387.67	9387.67	23.31	31	31.4	0	7008.51	11.59	10014	5.16	8.44	87.05	nan	0	4750.89	4750.89	0	11031.03	11031.03	36.45	30.6	33.2	0	7890.92	10.44	10014.6	0	3.44	9.38	nan	0	27303.9	27303.9	0	194327.87	194327.87	21.5	33.6	33.4	0	110790.59	0.8	9990	0	3.26	9.33	nan	0	26830.87	26830.87	0	193503.94	193503.94	23.45	34	33.4	0	110156.22	0.81	10010	2.36	78.42	7.32	nan	0	22294.96	22294.96	0	9479.92	9479.92	22.48	32	31.2	0	15887.31	5.39	10006.2	103.76	35.82	11.53	nan	0	32281.98	32281.98	0	19502.22	19502.22	55.95	32	31.8	0	25891.08	3.38
20000	0-50-50	122	10042.2	0.17	23.39	319.21	nan	0	5250.71	5250.71	0	12172.41	12172.41	23.41	31.2	32.2	0	8711.65	12.85	9994.4	6.28	9.11	110.86	nan	0	5498.98	5498.98	0	14783.16	14783.16	39.28	30.2	32.4	0	10141.2	11.2	10008	0	3.44	9.95	nan	0	33628.29	33628.29	0	272892.14	272892.14	21.55	33.2	32.6	0	153231.35	0.79	9996	0	3.33	9.88	nan	0	33568.25	33568.25	0	269780.54	269780.54	23.2	34	33.2	0	151674.99	0.8	10025.8	2.49	88.51	7.39	nan	0	28314.24	28314.24	0	11018.13	11018.13	22.43	32	33.2	0	19665.67	5.95	10001	127.29	40.14	11.95	nan	0	41686.29	41686.29	0	23627.42	23627.42	62.5	32	31.8	0	32655.15	3.65
20000	0-50-50	150	10030.4	0.18	23.4	318.64	nan	0	5739.38	5739.38	0	13693.41	13693.41	22.77	30.6	32.8	0	9716.4	14.21	10044.2	7.06	9.75	122.31	nan	0	6052.82	6052.82	0	17258	17258	40.69	31	33	0	11655.33	12.05	10006.8	0	3.48	10.27	nan	0	38979.09	38979.09	0	342925.36	342925.36	21.39	32.6	33	0	190930.06	0.78	10012.6	0	3.37	10.24	nan	0	39859.65	39859.65	0	339110.76	339110.76	23.09	34	33.6	0	189487.53	0.79	10039	2.61	97.77	7.55	nan	0	33647.17	33647.17	0	12204.13	12204.13	22.43	32	32.6	0	22925.02	6.29	10008	146.38	43.72	12.42	nan	0	49101.13	49101.13	0	26822.46	26822.46	68.21	32	32	0	37961.37	3.86
20000	0-50-50	183	10020.8	0.19	23.62	318.8	nan	0	6300.8	6300.8	0	15411	15411	22.72	30.8	31.8	0	10855.78	15.57	9990.8	7.84	10.4	134.87	nan	0	6714.51	6714.51	0	20150.31	20150.31	42.07	30.8	31.8	0	13432.29	12.83	9975.2	0	3.46	10.6	nan	0	45291.6	45291.6	0	430392.36	430392.36	21.36	32.8	32.6	0	237833.69	0.77	9999.4	0	3.31	10.63	nan	0	42683.29	42683.29	0	425057.91	425057.91	22.9	34	33.8	0	233871.06	0.78	10032.8	2.72	106.98	7.65	nan	0	40062.36	40062.36	0	13586.88	13586.88	22.32	32	33	0	26824.65	6.59	10031	168.16	47.64	12.84	nan	0	57562.2	57562.2	0	30314.91	30314.91	73.8	32	31.8	0	43938.46	4.08
20000	0-50-50	210	9997.2	0.21	23.56	312.07	nan	0	6751.87	6751.87	0	16617.67	16617.67	23.1	30.4	32.6	0	11684.6	16.62	10057.2	8.42	10.88	142.84	nan	0	7110.29	7110.29	0	22332.02	22332.02	43.63	30.8	32.8	0	14720.77	13.46	10043	0	3.46	10.78	nan	0	49195.75	49195.75	0	505031.34	505031.34	20.8	32.8	32.6	0	277133.7	0.76	10001.6	0	3.35	10.75	nan	0	49514.05	49514.05	0	491696.1	491696.1	22.68	34	33	0	270582.61	0.77	10011.4	2.77	113.12	7.74	nan	0	44919.59	44919.59	0	14701.61	14701.61	22.32	32	31.8	0	29810.46	6.82	10021.4	183.02	50.29	13.27	nan	0	64280.64	64280.64	0	33019.25	33019.25	77.86	32	32.6	0	48649.75	4.24
20000	0-50-50	244	9978	0.21	25.8	305.97	nan	0	7386.06	7386.06	0	18106.65	18106.65	23.08	31	32.4	0	12746.18	17.73	10017.4	9.02	11.43	154.27	nan	0	7748.59	7748.59	0	24901.67	24901.67	43.12	30.8	32	0	16324.72	14.14	10027.6	0	3.45	11.1	nan	0	54511.65	54511.65	0	603360.13	603360.13	20.64	34.2	32.6	0	328952.58	0.74	10010.8	0	3.34	10.98	nan	0	52686.54	52686.54	0	585251.18	585251.18	22.09	34	32.8	0	318903.38	0.76	10027.4	2.82	120.77	7.82	nan	0	50935.01	50935.01	0	15940.73	15940.73	22.26	32	33.2	0	33437.35	7.07	10026.4	202.81	53.55	13.91	nan	0	73389.43	73389.43	0	36774.16	36774.16	83.9	32	33.6	0	55082.14	4.36
200000	0-50-50	1	100004	0	0	0	nan	0	2180.35	2180.35	0	2106.29	2106.29	23.76	42.2	41.6	0	2143.35	0.33	99969.4	0	0	0	nan	0	1771.23	1771.23	0	1722.58	1722.58	24.18	42.2	42.2	0	1746.92	0.37	100049.4	0	0	0	nan	0	2538.99	2538.99	0	2508.61	2508.61	23.43	44.2	43.4	0	2523.81	0.29	100020.6	0	0	0	nan	0	2242.27	2242.27	0	2059.36	2059.36	24.1	42	41	0	2150.78	0.32	100057.6	0	0	0	nan	0	3025.68	3025.68	0	3007.67	3007.67	22.88	40	39.4	0	3016.67	0.25	99975.8	0	0	0	nan	0	2370.51	2370.51	0	2325.4	2325.4	23.4	40	39.2	0	2347.95	0.3
200000	0-50-50	30	99987.4	0.03	4.55	7	nan	0	3586.85	3586.85	0	3644.71	3644.71	37.18	40.4	64	0	3615.78	6.68	100065.6	0.8	4.23	6.86	nan	0	2996.91	2996.91	0	3154.96	3154.96	40.87	40	61	0	3075.94	7.59	100054	0	2.53	5.48	nan	0	11172.43	11172.43	0	45129.92	45129.92	27.19	42.6	44.6	0	28152.63	1.03	100074.4	0	2.51	5.45	nan	0	10603.18	10603.18	0	44159.35	44159.35	28.99	42	42.2	0	27384.32	1.06	100018.4	0.33	14.82	2.43	nan	0	5412.47	5412.47	0	5016.58	5016.58	34.84	40	55.8	0	5214.55	4.89	100008	14.71	8.47	3.07	nan	0	5202.78	5202.78	0	4681.3	4681.3	44.59	40	59	0	4942.06	5.12
200000	0-50-50	61	100065	0.08	8.82	29.34	nan	0	4303.03	4303.03	0	4660.05	4660.05	39.84	40.4	65	0	4481.53	11.38	100079.2	2.02	6.16	20.46	nan	0	3994.63	3994.63	0	4888.05	4888.05	48.97	40.6	64.2	0	4441.32	11.48	100103.6	0	2.71	7.01	nan	0	18678.37	18678.37	0	105624.73	105624.73	26.9	42.8	43.8	0	62154.07	0.97	99955.4	0	2.64	6.95	nan	0	17914.23	17914.23	0	104176.63	104176.63	28.6	42	42.6	0	61060.87	0.98	100041	1.09	39.9	4.82	nan	0	10418.52	10418.52	0	7047.35	7047.35	37.21	40	61.2	0	8733.05	6.32	100032.4	54.09	22.06	7.77	nan	0	17204.27	17204.27	0	12025.6	12025.6	63.67	40	58.2	0	14615.08	3.93
200000	0-50-50	90	100178.4	0.11	11.72	71.41	nan	0	5225.02	5225.02	0	6403.2	6403.2	40.84	39.6	65	0	5814.08	13.28	100021.6	3.28	6.8	36.69	nan	0	4890.38	4890.38	0	7533.67	7533.67	54.87	40	64.8	0	6211.96	12.58	100171.2	0	2.81	7.76	nan	0	24010.16	24010.16	0	162610.88	162610.88	26.42	42.6	43.2	0	93330.57	0.95	99944.4	0	2.73	7.68	nan	0	23538.66	23538.66	0	160411.82	160411.82	28.41	42	42.2	0	91982.13	0.97	100021.2	1.62	56.3	5.57	nan	0	17069.25	17069.25	0	9290.23	9290.23	36.76	40	62.8	0	13180.01	6.35	99984	73.79	26.5	8.29	nan	0	24350.25	24350.25	0	15558.24	15558.24	74.76	40	55.2	0	19954.51	4.3
200000	0-50-50	122	100138	0.12	14.11	137.41	nan	0	6042.58	6042.58	0	8820.91	8820.91	41.67	39	63.8	0	7431.69	14.46	100146.2	4.49	7.26	53.93	nan	0	5735.49	5735.49	0	10821.83	10821.83	61.24	39.8	67.2	0	8278.61	13.19	100099.2	0	2.84	8.24	nan	0	29108.48	29108.48	0	227119.95	227119.95	26.21	42.6	43.6	0	128137.28	0.95	100001.6	0	2.76	8.18	nan	0	28119.77	28119.77	0	223020.23	223020.23	28.14	42	42.2	0	125584.91	0.97	99958.2	1.82	65.68	5.7	nan	0	22783.52	22783.52	0	10985.85	10985.85	37.2	40	64.8	0	16885.22	6.8	100015.6	92.87	30.15	8.71	nan	0	32449.42	32449.42	0	19392.26	19392.26	85.37	40	54.6	0	25921.36	4.53
200000	0-50-50	150	100124	0.14	14.56	153.15	nan	0	6847.03	6847.03	0	10503.74	10503.74	41.62	40.4	65.6	0	8675.33	15.35	100068.8	5.24	7.89	62.7	nan	0	6437.22	6437.22	0	12997.85	12997.85	64.53	40.8	66	0	9717.4	13.93	100152.6	0	2.86	8.53	nan	0	33796.49	33796.49	0	287295.2	287295.2	25.55	42.2	42.2	0	160562.27	0.93	100023.4	0	2.79	8.48	nan	0	32261.36	32261.36	0	279447.32	279447.32	27.52	42	42.4	0	155885.09	0.96	100025.6	1.9	72.68	5.83	nan	0	27363.11	27363.11	0	12458.26	12458.26	37.68	40	64	0	19911.63	7.13	100020.8	109.3	33.48	9.18	nan	0	39160.09	39160.09	0	22435.96	22435.96	95.62	40	57.6	0	30798.42	4.71
200000	0-50-50	183	100140	0.15	15.02	167.9	nan	0	7541.1	7541.1	0	12297	12297	41.51	40	66.2	0	9918.9	16.53	100181.4	6.04	8.5	73.75	nan	0	7146.37	7146.37	0	15498.12	15498.12	67.91	40.6	64.8	0	11321.98	14.73	100104.2	0	2.84	8.8	nan	0	38284.54	38284.54	0	358797.84	358797.84	25.14	42.8	42.8	0	198526.24	0.92	100072.2	0	2.77	8.74	nan	0	35975.79	35975.79	0	350809.94	350809.94	26.87	42	41.2	0	193414.78	0.94	99973.8	1.99	80.42	5.97	nan	0	33094.22	33094.22	0	14116.88	14116.88	37.78	40	65.4	0	23606.23	7.38	99996.8	127.68	36.62	9.61	nan	0	46805.24	46805.24	0	25692.06	25692.06	106.31	40	60.2	0	36249.27	4.9
200000	0-50-50	210	100048.6	0.16	14.94	162.49	nan	0	8284.19	8284.19	0	13589.3	13589.3	41.64	40.4	64.8	0	10936.66	17.24	100114.4	6.56	9.04	80.04	nan	0	7714.89	7714.89	0	17308.83	17308.83	70.34	40.6	66.8	0	12511.55	15.38	100155	0	2.87	8.99	nan	0	42359.02	42359.02	0	417230.67	417230.67	25.12	42.6	42.2	0	229742.17	0.91	100077	0	2.79	8.92	nan	0	40444.94	40444.94	0	409276.61	409276.61	26.72	42	41.4	0	224892.61	0.93	100002	2.03	85.31	6.02	nan	0	37392.84	37392.84	0	15308.74	15308.74	37.46	40	62.4	0	26351.05	7.61	100037.4	140.45	38.99	9.94	nan	0	52926.34	52926.34	0	28292.72	28292.72	111.84	40	59.2	0	40609.47	5.03
200000	0-50-50	244	100016.8	0.17	15.85	155.73	nan	0	9085.18	9085.18	0	15167.53	15167.53	41.69	40.4	65.6	0	12126.21	18.13	100153.4	7.2	9.72	88.95	nan	0	8465.3	8465.3	0	19602.96	19602.96	73.21	40.4	63	0	14033.93	16	100146.2	0	2.84	9.12	nan	0	45694.34	45694.34	0	498047.86	498047.86	23.93	43.4	43.2	0	271850.99	0.9	99944.4	0	2.79	9.14	nan	0	44890.26	44890.26	0	482653.7	482653.7	25.67	42	41.2	0	263818.27	0.92	99998.6	2.06	91.54	6.08	nan	0	43459.18	43459.18	0	17182.69	17182.69	38.04	40	64.4	0	30321.15	7.71	99997.4	156.53	41.43	10.36	nan	0	60748.44	60748.44	0	31651.07	31651.07	121.47	40	59.2	0	46199.93	5.14
2000000	0-50-50	1	999981	0	0	0	nan	0	2983.61	2983.61	0	2908.59	2908.59	26.9	50.6	50.4	0	2946.11	0.26	1000039.2	0	0	0	nan	0	2489.01	2489.01	0	2483.47	2483.47	27.17	50.6	50.4	0	2486.24	0.29	1000001.6	0	0	0	nan	0	3408.24	3408.24	0	3456.02	3456.02	26.63	52.6	52.6	0	3432.13	0.23	999957	0	0	0	nan	0	3022.55	3022.55	0	2899.88	2899.88	25.6	51	50.2	0	2961.21	0.25	999982.6	0	0	0	nan	0	4057.94	4057.94	0	4021.71	4021.71	24.65	49	48.2	0	4039.83	0.2	999978.4	0	0	0	nan	0	3312.11	3312.11	0	3307.23	3307.23	24.93	49	48.2	0	3309.67	0.23
2000000	0-50-50	30	1000013.4	0.02	2.96	4.05	nan	0	3968.19	3968.19	0	3972.57	3972.57	37.97	50.8	66.2	0	3970.38	6.09	1000327.8	0.47	2.81	3.91	nan	0	3430.29	3430.29	0	3489.19	3489.19	40.89	50.2	69	0	3459.74	6.8	1000030.8	0	2.15	4.55	nan	0	10485.78	10485.78	0	37064.84	37064.84	30.23	53	54	0	23776.42	1.21	999986.8	0	2.09	4.57	nan	0	9783.44	9783.44	0	37045.62	37045.62	30.25	51	50	0	23415.43	1.23	1000119.4	0.2	9.17	1.56	nan	0	5759.4	5759.4	0	5525.32	5525.32	34.65	49	59.4	0	5642.37	4.52	999987	7.55	4.91	1.73	nan	0	5267.56	5267.56	0	4939.91	4939.91	40.48	49	62	0	5103.75	4.91
2000000	0-50-50	61	999821.4	0.05	5.88	12.44	nan	0	4563.8	4563.8	0	4568.57	4568.57	41.27	52.4	71.6	0	4566.18	11.05	999958.2	1.12	4.73	10.06	nan	0	4118.97	4118.97	0	4339.78	4339.78	47.29	52	75	0	4229.38	11.76	1000130.8	0	2.3	5.94	nan	0	17422.9	17422.9	0	89903.64	89903.64	29.37	53	53.6	0	53654.35	1.12	1000157.6	0	2.27	5.93	nan	0	16791.72	16791.72	0	88829.08	88829.08	30.13	51	50.2	0	52816.53	1.13	1000342.6	0.57	24.11	3.21	nan	0	8086.85	8086.85	0	6683.82	6683.82	37.2	49	67	0	7385.37	7.26	1000235.8	36.71	16.02	5.56	nan	0	12455.44	12455.44	0	9406.01	9406.01	57.11	49	58.8	0	10930.65	5.11
2000000	0-50-50	90	999992.4	0.07	8.16	27.22	nan	0	5348.03	5348.03	0	5564.1	5564.1	42.58	51.4	77.2	0	5456.07	13.86	1000399.6	1.98	5.74	19.61	nan	0	4734.65	4734.65	0	5706.15	5706.15	52.07	51.2	74.8	0	5220.45	14.38	1000143	0	2.41	6.59	nan	0	22437.32	22437.32	0	137707.93	137707.93	29.07	54.6	54.2	0	80057.19	1.11	999933.6	0	2.35	6.55	nan	0	21293.83	21293.83	0	135273.05	135273.05	29.89	51	50	0	78282.89	1.14	1000101.8	1.07	40.38	4.27	nan	0	13267.63	13267.63	0	8711.95	8711.95	37.24	49	65.4	0	10989.66	7.44	1000123.6	55.69	20.79	6.5	nan	0	19820.71	19820.71	0	13336.66	13336.66	67.82	49	59.2	0	16578.67	5.1
2000000	0-50-50	122	1000214.8	0.09	10.04	61.19	nan	0	6109.56	6109.56	0	7092.59	7092.59	43.72	51.2	78	0	6601.12	15.86	1000381.6	3.08	6.08	33.58	nan	0	5589	5589	0	8254.45	8254.45	58.35	50.6	80.6	0	6921.84	15.25	1000442	0	2.44	7.01	nan	0	27414.26	27414.26	0	193295.06	193295.06	28.89	53	54.6	0	110330.7	1.1	1000257.4	0	2.38	6.96	nan	0	26199.32	26199.32	0	189669.82	189669.82	29.81	51	50.2	0	107928.3	1.12	1000360.8	1.4	51.15	4.62	nan	0	19155.65	19155.65	0	10668.39	10668.39	37.45	49	65.8	0	14911.4	7.6	1000201	72.26	24.08	6.94	nan	0	26876.68	26876.68	0	16856.06	16856.06	77.6	49	59.4	0	21866.08	5.31
2000000	0-50-50	150	1000188	0.11	10.64	77.35	nan	0	7047.22	7047.22	0	8558.3	8558.3	43.76	50.8	79.2	0	7802.82	16.69	1000348.2	3.8	6.48	42.26	nan	0	6332.35	6332.35	0	10255.61	10255.61	62.28	51.6	78	0	8294.11	15.86	1000537.6	0	2.46	7.26	nan	0	31271.65	31271.65	0	242400.37	242400.37	28.7	52.8	52.8	0	136830.68	1.09	1000203	0	2.41	7.22	nan	0	29870.97	29870.97	0	238412.9	238412.9	29.22	51	49.8	0	134161.91	1.11	999989.4	1.47	56.91	4.71	nan	0	23145.07	23145.07	0	12088.57	12088.57	37.47	49	65.6	0	17616.66	7.95	1000000.4	87.27	27.04	7.49	nan	0	32676.43	32676.43	0	19695.64	19695.64	85.76	49	61.4	0	26186.32	5.48
2000000	0-50-50	183	1000350	0.12	11.14	94.65	nan	0	7931.68	7931.68	0	10269.33	10269.33	44.55	51.2	81.4	0	9100.57	17.65	1000493.4	4.58	7	51.93	nan	0	7083.83	7083.83	0	12553.72	12553.72	66.14	51.6	79.6	0	9818.94	16.58	1000333.2	0	2.47	7.53	nan	0	34673.77	34673.77	0	306167.38	306167.38	28.1	53.4	53.2	0	170380.96	1.07	1000078	0	2.4	7.48	nan	0	32615.68	32615.68	0	298217.65	298217.65	28.79	51	50.2	0	165447.92	1.1	1000420.6	1.54	63.51	4.81	nan	0	28111.27	28111.27	0	13555.06	13555.06	37.85	49	65.6	0	20833.24	8.27	1000347	102.73	29.62	7.82	nan	0	39872.89	39872.89	0	23015.47	23015.47	95.33	49	63.2	0	31444.75	5.6
2000000	0-50-50	210	1000211.6	0.12	11.2	89.55	nan	0	9033.26	9033.26	0	11675.17	11675.17	44.39	50.4	78.4	0	10354.25	17.93	1000263.6	5.04	7.5	56.88	nan	0	7750.8	7750.8	0	14149.28	14149.28	68.98	51.2	79.4	0	10950.16	17.14	1000297.8	0	2.45	7.67	nan	0	36839.56	36839.56	0	356135.07	356135.07	27.66	53.2	53	0	196418.43	1.07	1000258.2	0	2.38	7.59	nan	0	35736.89	35736.89	0	346885.77	346885.77	28.66	51	50.4	0	191339.53	1.09	999976.2	1.55	67.43	4.83	nan	0	31898.36	31898.36	0	14992.62	14992.62	38.46	49	69.4	0	23445.87	8.45	1000574.4	113.72	31.58	8.16	nan	0	45417.38	45417.38	0	25422.67	25422.67	102.3	49	64.4	0	35420.05	5.71
2000000	0-50-50	244	1000289.4	0.13	11.34	81.16	nan	0	10553.16	10553.16	0	13535.45	13535.45	45.45	51.2	81.4	0	12044.37	18.09	1000706	5.61	8.04	63.68	nan	0	8478.09	8478.09	0	16113.33	16113.33	71.84	52.8	79.4	0	12295.79	17.86	1000307.6	0	2.47	7.82	nan	0	40566.79	40566.79	0	419435.88	419435.88	27.46	52.4	52.2	0	229937.56	1.06	1000221.4	0	2.41	7.72	nan	0	41814.3	41814.3	0	408710.48	408710.48	28.33	51	50.2	0	225291.04	1.08	1000234.2	1.57	72.11	4.87	nan	0	37109.59	37109.59	0	16723.04	16723.04	38.13	49	67	0	26916.62	8.59	1000425.2	128.03	33.71	8.5	nan	0	52435.66	52435.66	0	28532.07	28532.07	109.04	49	62.2	0	40483.81	5.83
