keyspace	worload	threads	searchRestart-castle	searchRestart-icdcn	searchRestart-ppop	searchRestart-citrus	searchRestart-howley	insertRestart-castle	insertRestart-icdcn	insertRestart-ppop	insertRestart-citrus	insertRestart-howley	deleteRestart-castle	deleteRestart-icdcn	deleteRestart-ppop	deleteRestart-citrus	deleteRestart-howley	SearchTime-castle	SearchTime-icdcn	SearchTime-ppop	SearchTime-citrus	SearchTime-howley	InsertTime-castle	InsertTime-icdcn	InsertTime-ppop	InsertTime-citrus	InsertTime-howley	DeleteTime-castle	DeleteTime-icdcn	DeleteTime-ppop	DeleteTime-citrus	DeleteTime-howley	AvgSeeLength-castle	AvgSeeLength-icdcn	AvgSeeLength-ppop	AvgSeeLength-citrus	AvgSeeLength-howley	InitialTreeHt-castle	InitialTreeHt-icdcn	InitialTreeHt-ppop	InitialTreeHt-citrus	InitialTreeHt-howley	FinalTreeHt-castle	FinalTreeHt-icdcn	FinalTreeHt-ppop	FinalTreeHt-citrus	FinalTreeHt-howley	SeeTime-castle	SeeTime-icdcn	SeeTime-ppop	SeeTime-citrus	SeeTime-howley	Mops-castle	Mops-icdcn	Mops-ppop	Mops-citrus	Mops-howley	LLCloadMiss-castle	LLCloadMiss-icdcn	LLCloadMiss-ppop	LLCloadMiss-citrus	LLCloadMiss-howley	LLCstoreMiss-castle	LLCstoreMiss-icdcn	LLCstoreMiss-ppop	LLCstoreMiss-citrus	LLCstoreMiss-howley	MopsRelative-castle	MopsRelative-icdcn	MopsRelative-ppop	MopsRelative-citrus	MopsRelative-howley
10000	90-9-1	1	0	0	0	0	0	0	0	0	0	0	0	0	0	0	0	0.26	0.29	0.28	0.26	0.28	0.28	0.3	0.3	0.29	0.33	0.33	0.41	0.35	0.4	0.49	15.32	15.34	17.34	16.32	15.33	28.8	28.8	26.4	30.8	28.8	27.6	27.2	28	28.8	26.6	0.19	0.21	0.21	0.19	0.21	2.71	2.56	2.61	2.75	2.53	0.03	0.05	0.03	0.04	0.02	0.03	36.54	34.06	41.96	47.88	1.07	1.01	1.03	1.09	1
10000	90-9-1	2	0	0	0	0	0	0	0	0	0	0	0	0	0	0	0	0.28	0.29	0.29	0.27	0.3	0.32	0.33	0.33	0.34	0.37	0.6	0.87	0.68	1.17	0.9	15.23	15.28	17.29	16.34	15.28	28.8	28.8	26.4	30.8	28.8	32.6	34	28	35.6	31.6	0.21	0.23	0.22	0.21	0.23	5.15	4.98	5.11	5.19	4.77	2.62	5.09	1.85	3.97	1.11	2.62	77.71	67.01	73.52	69.07	1.08	1.04	1.07	1.09	1
10000	90-9-1	4	0	0	0	0	0	0	0	0	0	0	0	0	0	0	0	0.31	0.31	0.3	0.4	0.32	0.34	0.35	0.35	0.52	0.39	0.65	0.92	0.74	1.54	0.99	15.38	15.27	17.24	16.25	15.31	28.8	28.8	26.4	30.8	28.8	45.4	42.6	27.6	39.8	42.2	0.23	0.24	0.24	0.29	0.25	9.74	9.58	9.74	6.67	9.05	4.61	9.51	3.35	30	2	4.61	77.98	67.97	94.6	70.32	1.08	1.06	1.08	0.74	1
10000	90-9-1	8	0	0	0	0	0	0	0	0	0	0	0	0	0	0	0	0.31	0.32	0.3	0.48	0.33	0.35	0.36	0.35	0.62	0.41	0.67	0.93	0.76	1.77	1	16.02	15.89	17.2	16.35	15.92	28.8	28.8	26.4	30.8	28.8	56.8	54.4	27.4	46.8	57	0.24	0.24	0.24	0.34	0.26	19.14	18.95	19.56	10.66	17.64	4.18	9.24	3.21	38.25	1.91	4.18	77.31	67.43	85.77	68.79	1.09	1.07	1.11	0.6	1
10000	90-9-1	16	0	0	0	0	0	0	0	0	0	0	0.01	0	0	0	0	0.33	0.34	0.31	0.56	0.34	0.37	0.37	0.36	0.73	0.42	0.69	0.95	0.75	2.25	1.03	18.42	18.24	17.17	16.79	17.96	28.8	28.8	26.4	30.8	28.8	77	77.4	27.2	56	74.8	0.26	0.26	0.24	0.38	0.27	36.62	35.46	38.43	17.86	34.27	3.96	8.75	3.08	41.11	1.82	3.96	76.76	66.29	78.82	67.43	1.07	1.03	1.12	0.52	1
10000	90-9-1	32	0	0	0	0	0.01	0.04	0	0	0	0	5.32	0.01	0	0.01	0.01	0.38	0.38	0.32	0.63	0.37	0.42	0.43	0.37	0.86	0.46	0.77	1.04	0.77	11.11	1.08	23.43	23.56	17.13	18.09	23.39	28.8	28.8	26.4	30.8	28.8	96	102	27.6	72	97.2	0.31	0.31	0.25	0.44	0.3	65.67	64.63	74.8	29.28	64.05	3.9	8.21	2.95	38.51	1.8	3.9	76.51	65.38	68.52	66.63	1.03	1.01	1.17	0.46	1
20000	90-9-1	1	0	0	0	0	0	0	0	0	0	0	0	0	0	0	0	0.29	0.33	0.31	0.3	0.32	0.32	0.34	0.33	0.34	0.36	0.37	0.45	0.4	0.46	0.52	16.8	16.81	18.76	17.8	16.81	31.4	31.4	30.2	33.4	31.4	29.8	29.8	31.2	31.2	29.2	0.22	0.26	0.24	0.24	0.25	2.49	2.35	2.38	2.46	2.3	0.02	0.03	0.02	0.02	0.01	0.02	32.68	33.16	41	44.97	1.08	1.02	1.03	1.07	1
20000	90-9-1	2	0	0	0	0	0	0	0	0	0	0	0	0	0	0	0	0.31	0.34	0.32	0.32	0.34	0.35	0.38	0.37	0.39	0.4	0.63	0.94	0.72	1.22	0.94	16.71	16.71	18.77	17.7	16.72	31.4	31.4	30.2	33.4	31.4	29.6	29.2	32	31.6	29	0.24	0.27	0.25	0.25	0.26	4.82	4.49	4.6	4.62	4.32	1.55	2.45	1.27	2.47	0.76	1.55	76.03	66.17	72.91	66.59	1.12	1.04	1.06	1.07	1
20000	90-9-1	4	0	0	0	0	0	0	0	0	0	0	0	0	0	0	0	0.33	0.35	0.34	0.43	0.36	0.37	0.39	0.39	0.56	0.42	0.69	0.96	0.78	1.57	1.03	16.62	16.65	18.69	17.66	16.61	31.4	31.4	30.2	33.4	31.4	33.6	31.2	31	31.8	31.6	0.26	0.28	0.27	0.32	0.28	9.19	8.58	8.9	6.42	8.3	2.68	4.6	2.32	19.26	1.35	2.68	75.62	67.47	93.89	68.03	1.11	1.03	1.07	0.77	1
20000	90-9-1	8	0	0	0	0	0	0	0	0	0	0	0	0	0	0	0	0.34	0.35	0.34	0.53	0.37	0.38	0.39	0.39	0.67	0.44	0.7	0.95	0.78	1.81	1.04	16.57	16.56	18.62	17.6	16.57	31.4	31.4	30.2	33.4	31.4	41.4	41.2	31	33.4	40.2	0.27	0.28	0.27	0.38	0.3	17.96	17.33	17.78	9.9	16.21	2.37	4.52	2.21	28.8	1.26	2.37	75.25	66.51	84.69	66.55	1.11	1.07	1.1	0.61	1
20000	90-9-1	16	0	0	0	0	0	0	0	0	0	0	0	0	0	0	0	0.35	0.36	0.34	0.61	0.38	0.4	0.4	0.4	0.79	0.45	0.72	0.96	0.79	2.29	1.06	16.71	16.66	18.6	17.58	16.67	31.4	31.4	30.2	33.4	31.4	55.8	53.6	31.2	43.8	57	0.28	0.28	0.28	0.43	0.31	35.1	34.3	35.34	16.73	32.2	2.19	4.43	2.1	31.96	1.18	2.19	74.66	65.7	77.25	65.09	1.09	1.07	1.1	0.52	1
20000	90-9-1	32	0	0	0	0	0	0	0	0	0	0	2.64	0	0	0.01	0	0.38	0.37	0.36	0.67	0.39	0.43	0.41	0.41	0.92	0.47	0.76	1.03	0.8	27.7	1.09	17.51	17.52	18.57	17.65	17.45	31.4	31.4	30.2	33.4	31.4	73.6	75.8	31	50.8	72.6	0.31	0.3	0.28	0.48	0.32	65.38	66.01	68.8	24.61	61.91	2.11	4.42	2.04	30.37	1.13	2.11	74.14	64.36	67.25	63.62	1.06	1.07	1.11	0.4	1
100000	90-9-1	1	0	0	0	0	0	0	0	0	0	0	0	0	0	0	0	0.36	0.46	0.41	0.44	0.4	0.38	0.48	0.43	0.48	0.44	0.43	0.6	0.49	0.6	0.62	20.34	20.37	22.2	21.37	20.36	37.8	37.8	36.2	39.8	37.8	37	38	38.2	39	36.8	0.29	0.38	0.34	0.37	0.32	2.15	1.77	1.95	1.85	1.93	0.02	0.02	0.02	0.03	0.02	0.02	26.22	30.1	38.62	40.68	1.11	0.92	1.01	0.96	1
100000	90-9-1	2	0	0	0	0	0	0	0	0	0	0	0	0	0	0	0	0.37	0.47	0.41	0.45	0.41	0.41	0.51	0.46	0.52	0.48	0.7	1.02	0.8	1.4	1.02	20.24	20.28	22.12	21.27	20.26	37.8	37.8	36.2	39.8	37.8	36.8	36.4	37.8	38.2	36.2	0.3	0.39	0.35	0.39	0.34	4.16	3.47	3.81	3.55	3.72	0.93	1.02	0.71	1.13	0.47	0.93	72.16	64.67	71.37	64.1	1.12	0.93	1.02	0.95	1
100000	90-9-1	4	0	0	0	0	0	0	0	0	0	0	0	0	0	0	0	0.39	0.48	0.43	0.54	0.43	0.44	0.53	0.49	0.67	0.5	0.76	1.09	0.86	1.7	1.1	20.15	20.18	22.06	21.19	20.16	37.8	37.8	36.2	39.8	37.8	36	36.2	37.8	37.8	36.2	0.32	0.41	0.36	0.44	0.36	7.99	6.74	7.44	5.45	7.25	1.61	1.9	1.29	8.07	0.86	1.61	72.2	64.7	92.39	64.49	1.1	0.93	1.03	0.75	1
100000	90-9-1	8	0	0	0	0	0	0	0	0	0	0	0	0	0	0	0	0.4	0.48	0.44	0.63	0.44	0.45	0.53	0.49	0.77	0.52	0.77	1.09	0.87	1.92	1.12	20.03	20.06	21.99	21.12	20.05	37.8	37.8	36.2	39.8	37.8	36.4	36.2	37.4	38.8	36.2	0.34	0.41	0.37	0.49	0.37	15.71	13.5	14.54	8.91	14.3	1.41	1.87	1.25	15.26	0.8	1.41	71.45	64.42	83.01	64.32	1.1	0.94	1.02	0.62	1
100000	90-9-1	16	0	0	0	0	0	0	0	0	0	0	0	0	0	0	0	0.41	0.47	0.44	0.74	0.46	0.46	0.52	0.5	0.91	0.53	0.78	1.09	0.87	2.38	1.14	19.87	19.88	21.95	21.03	19.88	37.8	37.8	36.2	39.8	37.8	36.8	35.4	37.4	38.2	35.4	0.35	0.4	0.37	0.55	0.38	30.45	27.5	28.76	14.64	27.67	1.28	1.84	1.2	19.16	0.75	1.28	70.89	62.69	74.82	61.72	1.1	0.99	1.04	0.53	1
100000	90-9-1	32	0	0	0	0	0	0	0	0	0	0	0.49	0	0	0	0	0.45	0.48	0.45	0.82	0.47	0.5	0.53	0.51	1.04	0.54	0.83	1.13	0.89	45.04	1.17	19.81	19.79	21.9	20.99	19.81	37.8	37.8	36.2	39.8	37.8	36.8	37.4	37.6	38.4	36.4	0.38	0.41	0.38	0.61	0.4	56.91	53.46	56.56	19.88	53.96	1.21	1.85	1.17	18.99	0.73	1.21	70.12	61.3	67.66	61.14	1.05	0.99	1.05	0.37	1
200000	90-9-1	1	0	0	0	0	0	0	0	0	0	0	0	0	0	0	0	0.39	0.52	0.45	0.51	0.44	0.42	0.54	0.48	0.56	0.49	0.47	0.66	0.55	0.7	0.67	21.87	21.91	23.69	22.91	21.89	40.2	40.2	38.8	42.2	40.2	39.6	40.2	42.4	42.4	40.2	0.32	0.44	0.39	0.44	0.37	2	1.61	1.79	1.62	1.81	0.03	0.03	0.62	0.38	0.98	0.03	24.74	31.82	38.12	37.23	1.1	0.89	0.99	0.9	1
200000	90-9-1	2	0	0	0	0	0	0	0	0	0	0	0	0	0	0	0	0.4	0.53	0.48	0.53	0.47	0.45	0.57	0.52	0.62	0.54	0.74	1.08	0.86	1.48	1.08	21.76	21.79	23.61	22.8	21.79	40.2	40.2	38.8	42.2	40.2	40.6	40.6	41.2	42.8	40.4	0.34	0.46	0.41	0.46	0.4	3.87	3.14	3.39	3.11	3.39	0.78	0.78	1.2	1.14	1.59	0.78	69.98	63.53	69.93	63.46	1.14	0.93	1	0.92	1
200000	90-9-1	4	0	0	0	0	0	0	0	0	0	0	0	0	0	0	0	0.43	0.55	0.5	0.61	0.49	0.48	0.59	0.55	0.75	0.56	0.79	1.15	0.92	1.78	1.17	21.66	21.69	23.54	22.72	21.68	40.2	40.2	38.8	42.2	40.2	40.2	39.6	41.4	41.4	39.6	0.36	0.47	0.43	0.52	0.42	7.4	6.06	6.51	4.97	6.55	1.37	1.41	1.68	6.04	2.03	1.37	70.07	63.88	91.85	64.85	1.13	0.93	0.99	0.76	1
200000	90-9-1	8	0	0	0	0	0	0	0	0	0	0	0	0	0	0	0	0.44	0.54	0.5	0.67	0.51	0.48	0.58	0.55	0.81	0.58	0.81	1.15	0.94	1.94	1.19	21.54	21.56	23.47	22.62	21.56	40.2	40.2	38.8	42.2	40.2	39.8	39	40.8	42	38.8	0.37	0.47	0.43	0.55	0.43	14.74	12.33	13.03	8.75	12.65	1.22	1.39	1.68	9.86	2.11	1.22	69.31	63.66	86.04	63.7	1.17	0.97	1.03	0.69	1
200000	90-9-1	16	0	0	0	0	0	0	0	0	0	0	0	0	0	0	0	0.44	0.54	0.51	0.77	0.52	0.49	0.59	0.56	0.94	0.59	0.82	1.16	0.94	2.33	1.21	21.44	21.45	23.41	22.53	21.45	40.2	40.2	38.8	42.2	40.2	39.2	38.8	40.2	40.6	38.4	0.38	0.47	0.43	0.6	0.45	28.95	24.64	25.79	14.61	25.03	1.13	1.37	1.69	14.03	2.19	1.13	68.61	62.54	76.1	62.75	1.16	0.98	1.03	0.58	1
200000	90-9-1	32	0	0	0	0	0	0	0	0	0	0	0.18	0	0	0	0	0.47	0.55	0.52	0.84	0.53	0.52	0.6	0.57	1.05	0.61	0.85	1.19	0.96	30.47	1.24	21.32	21.34	23.36	22.48	21.33	40.2	40.2	38.8	42.2	40.2	37.8	38.8	39.8	40.8	38	0.4	0.48	0.45	0.65	0.46	55.13	48.08	50.74	21.76	48.97	1.08	1.37	1.72	14.76	2.31	1.08	67.76	62.09	69.05	61.83	1.13	0.98	1.04	0.44	1
1000000	90-9-1	1	0	0	0	0	0	0	0	0	0	0	0	0	0	0	0	0.58	0.76	0.91	0.98	0.9	0.61	0.79	0.95	1.1	0.96	0.68	0.94	1	1.3	1.22	25.38	25.41	27.16	26.46	25.43	47.8	47.8	45.2	49.8	47.8	48	48.8	49.8	50.6	48.6	0.51	0.69	0.84	0.92	0.83	1.45	1.16	0.98	0.92	0.98	5.97	7.28	17.65	13.81	14.65	5.97	20.76	22.73	31.21	29.19	1.48	1.18	1	0.94	1
1000000	90-9-1	2	0	0	0	0	0	0	0	0	0	0	0	0	0	0	0	0.67	0.89	1.1	1.12	1	0.72	0.93	1.15	1.27	1.07	1	1.37	1.28	2	1.47	25.31	25.34	27.13	26.39	25.36	47.8	47.8	45.2	49.8	47.8	47.6	47.8	48.8	49.8	47.8	0.6	0.82	1.03	1.06	0.93	2.56	1.99	1.66	1.61	1.78	7.62	7.58	17.28	12.46	15.43	7.62	57.07	44.24	53.5	44.78	1.44	1.12	0.93	0.9	1
1000000	90-9-1	4	0	0	0	0	0	0	0	0	0	0	0	0	0	0	0	0.73	0.97	1.19	1.25	1.04	0.78	1.01	1.24	1.42	1.11	1.13	1.56	1.45	2.43	1.6	25.21	25.25	27.05	26.3	25.26	47.8	47.8	45.2	49.8	47.8	47.6	47.4	49	49.4	47.8	0.67	0.9	1.12	1.16	0.97	4.7	3.69	3.08	2.77	3.44	9.05	7.52	17.09	14.04	16.36	9.05	60.38	51.32	88.95	49.96	1.37	1.07	0.9	0.81	1
1000000	90-9-1	8	0	0	0	0	0	0	0	0	0	0	0	0	0	0	0	0.78	1	1.22	1.31	1.08	0.82	1.04	1.26	1.47	1.15	1.17	1.6	1.47	2.62	1.64	25.11	25.14	26.96	26.19	25.15	47.8	47.8	45.2	49.8	47.8	46.8	47.4	48.2	49.4	47.4	0.71	0.93	1.14	1.21	1.02	9.03	7.2	6.05	5.24	6.63	10.21	7.38	17.34	14.84	17.18	10.21	58.91	49.17	91.42	47.14	1.36	1.09	0.91	0.79	1
1000000	90-9-1	16	0	0	0	0	0	0	0	0	0	0	0	0	0	0	0	0.82	1.02	1.23	1.34	1.14	0.87	1.06	1.28	1.51	1.21	1.22	1.61	1.5	2.84	1.69	25.01	25.04	26.87	26.1	25.06	47.8	47.8	45.2	49.8	47.8	46	45.6	47.6	48.4	46	0.75	0.94	1.17	1.24	1.07	17.27	14.14	11.93	10.12	12.67	11.32	7.38	17.8	15.36	18.33	11.32	58.08	47.43	82.37	44.37	1.36	1.12	0.94	0.8	1
1000000	90-9-1	32	0	0	0	0	0	0	0	0	0	0	0	0	0	0	0	0.89	1.04	1.3	1.4	1.23	0.93	1.08	1.36	1.57	1.29	1.29	1.66	1.57	60.54	1.79	24.91	24.94	26.8	26.04	24.96	47.8	47.8	45.2	49.8	47.8	46.4	45.8	48.2	48.4	46.6	0.82	0.96	1.23	1.29	1.16	32.17	27.88	22.57	14.64	23.64	12.41	7.42	18.05	15.7	19.5	12.41	57.63	46.97	73	42.73	1.36	1.18	0.95	0.62	1
2000000	90-9-1	1	0	0	0	0	0	0	0	0	0	0	0	0	0	0	0	0.82	1.07	1.24	1.4	1.32	0.86	1.17	1.3	1.56	1.39	0.96	1.26	1.35	1.76	1.66	26.85	26.85	28.41	27.94	26.85	50.2	50.2	49.4	52.2	50.2	52.2	52.8	52.8	55.2	53.2	0.75	1	1.18	1.34	1.25	1.08	0.85	0.74	0.66	0.7	11.35	13.2	22.55	20.31	20.99	11.35	26	25.95	30.78	32.95	1.54	1.21	1.06	0.94	1
2000000	90-9-1	2	0	0	0	0	0	0	0	0	0	0	0	0	0	0	0	0.91	1.23	1.47	1.52	1.4	0.96	1.33	1.53	1.71	1.47	1.2	1.6	1.6	2.44	1.83	26.82	26.84	28.52	27.9	26.84	50.2	50.2	49.4	52.2	50.2	51.2	51.4	52.6	53.4	51.2	0.84	1.16	1.4	1.47	1.32	1.96	1.46	1.27	1.21	1.32	12.55	13.5	22.37	19.13	21.5	12.55	48.68	40.24	47.45	42.99	1.48	1.11	0.96	0.92	1
2000000	90-9-1	4	0	0	0	0	0	0	0	0	0	0	0	0	0	0	0	0.97	1.35	1.55	1.62	1.38	1.01	1.35	1.61	1.79	1.44	1.33	1.81	1.74	2.8	1.87	26.74	26.78	28.53	27.83	26.78	50.2	50.2	49.4	52.2	50.2	50.6	50.8	52.4	53.4	50.8	0.9	1.27	1.48	1.53	1.31	3.71	2.75	2.41	2.21	2.66	13.5	13.26	22.44	20.05	21.97	13.5	52.14	43.05	86.4	46.51	1.39	1.03	0.91	0.83	1
2000000	90-9-1	8	0	0	0	0	0	0	0	0	0	0	0	0	0	0	0	1	1.37	1.59	1.69	1.41	1.05	1.41	1.64	1.86	1.47	1.36	1.88	1.77	3.05	1.92	26.65	26.69	28.47	27.74	26.69	50.2	50.2	49.4	52.2	50.2	50.4	50.4	51.4	53	50.6	0.94	1.3	1.52	1.59	1.33	7.19	5.4	4.73	4.19	5.24	14.62	12.57	22.78	19.81	22.37	14.62	48.44	39.74	90.33	42.62	1.37	1.03	0.9	0.8	1
2000000	90-9-1	16	0	0	0	0	0	0	0	0	0	0	0	0	0	0	0	1.05	1.46	1.63	1.76	1.47	1.09	1.51	1.67	1.92	1.54	1.4	2.04	1.81	3.33	2	26.54	26.59	28.38	27.64	26.59	50.2	50.2	49.4	52.2	50.2	50	50.8	51.6	52.8	50.4	0.98	1.39	1.56	1.65	1.41	13.81	10.13	9.23	7.99	10.02	15.62	12.14	23.11	19.57	23.08	15.62	46.23	36.85	82.56	37.57	1.38	1.01	0.92	0.8	1
2000000	90-9-1	32	0	0	0	0	0	0	0	0	0	0	0	0	0	0	0	1.14	1.49	1.72	1.86	1.57	1.18	1.53	1.77	2.03	1.63	1.5	2.04	1.9	190.69	2.11	26.45	26.49	28.3	27.64	26.5	50.2	50.2	49.4	52.2	50.2	50.4	50	51	53.8	50.2	1.07	1.42	1.65	1.74	1.5	25.55	19.96	17.49	8.07	18.89	16.83	11.92	23.46	19.65	23.99	16.83	45.69	37.13	72.85	36.09	1.35	1.06	0.93	0.43	1
10000	70-20-10	1	0	0	0	0	0	0	0	0	0	0	0	0	0	0	0	0.29	0.3	0.27	0.26	0.3	0.32	0.31	0.31	0.32	0.38	0.33	0.37	0.34	0.36	0.43	16.68	16.57	16.22	17.88	16.31	28.8	28.8	26.4	30.8	28.8	60.2	60.8	27	65.4	59.2	0.21	0.23	0.21	0.2	0.24	2.5	2.43	2.53	2.62	2.26	0.06	0.23	0.09	0.12	0.05	0.06	47.64	46.2	50.84	59.18	1.11	1.08	1.12	1.16	1
10000	70-20-10	2	0	0	0	0	0	0	0	0	0	0	0	0	0	0	0	0.35	0.38	0.34	0.34	0.36	0.44	0.48	0.43	0.5	0.5	0.58	0.75	0.58	0.95	0.75	19.23	18.6	16.2	19.79	18.8	28.8	28.8	26.4	30.8	28.8	72.4	71.2	26.2	72.4	73.8	0.28	0.3	0.27	0.28	0.3	4.01	3.72	4.14	3.73	3.71	15.95	30.87	11.84	21.7	6.61	15.95	78.61	67.81	72.81	71.32	1.08	1	1.12	1.01	1
10000	70-20-10	4	0	0	0	0	0	0	0	0	0	0	0.01	0	0	0.01	0	0.47	0.5	0.42	0.54	0.45	0.56	0.59	0.53	0.78	0.62	0.73	0.93	0.71	1.38	0.93	24.77	24.14	16.16	21.85	24.32	28.8	28.8	26.4	30.8	28.8	82.8	82.6	27.2	78	85.2	0.4	0.42	0.35	0.45	0.39	6.45	6.05	6.99	4.67	6.19	27.5	49.47	20.74	50.04	11.86	27.5	79.9	69.96	86.04	74.11	1.04	0.98	1.13	0.75	1
10000	70-20-10	8	0	0	0	0	0.02	0.01	0.01	0.01	0.01	0.01	0.01	0.01	0	0.01	0.01	0.49	0.54	0.42	0.68	0.47	0.59	0.63	0.53	0.94	0.65	0.75	0.98	0.71	1.66	0.97	29.64	29.03	16.12	27.12	29.07	28.8	28.8	26.4	30.8	28.8	83.8	83.2	26.4	83.8	80.6	0.42	0.46	0.35	0.55	0.41	12.48	11.35	13.83	7.34	11.9	25.91	41.52	20.05	54.77	11.73	25.91	78.12	68.41	80.97	72.61	1.05	0.95	1.16	0.62	1
10000	70-20-10	16	0	0.01	0	0	0.05	0.01	0.01	0.02	0.02	0.01	0.03	0.02	0.01	0.02	0.02	0.51	0.56	0.42	0.84	0.48	0.61	0.66	0.53	1.13	0.66	0.77	1	0.71	2.23	0.98	32.64	31.59	16.1	30.31	32.04	28.8	28.8	26.4	30.8	28.8	83.6	81.4	26.6	85.4	80.8	0.44	0.48	0.35	0.67	0.43	24.13	21.97	27.82	11.72	23.4	23.22	32.21	18.55	52.96	11.25	23.22	76.44	66.72	71.85	70.84	1.03	0.94	1.19	0.5	1
10000	70-20-10	32	0.01	0.01	0	0	0.12	0.05	0.02	0.03	0.05	0.03	1.09	0.05	0.02	0.06	0.04	0.53	0.6	0.43	1.14	0.51	0.63	0.7	0.55	1.59	0.71	0.8	1.07	0.73	4.97	1.05	33.31	33.02	16.07	31.76	33.28	28.8	28.8	26.4	30.8	28.8	79.8	85.4	27	86	82.4	0.46	0.52	0.36	0.93	0.45	46.82	41.78	54.51	15.64	44.58	21.63	26.06	18.63	48.26	11.37	21.63	76.55	66.54	66.73	70.16	1.05	0.94	1.22	0.35	1
20000	70-20-10	1	0	0	0	0	0	0	0	0	0	0	0	0	0	0	0	0.31	0.31	0.31	0.3	0.35	0.34	0.34	0.35	0.36	0.41	0.36	0.4	0.38	0.4	0.47	16.13	16.13	17.64	17.17	16.12	31.4	31.4	30.2	33.4	31.4	44.8	44.4	29.2	45	40.8	0.24	0.24	0.24	0.23	0.27	2.34	2.32	2.31	2.37	2.07	0.03	0.09	0.06	0.07	0.04	0.03	45.76	45.16	50.27	58.68	1.13	1.12	1.12	1.14	1
20000	70-20-10	2	0	0	0	0	0	0	0	0	0	0	0	0	0	0	0	0.37	0.39	0.38	0.37	0.4	0.46	0.46	0.47	0.53	0.53	0.6	0.75	0.61	0.98	0.79	16.46	16.33	17.61	17.33	16.29	31.4	31.4	30.2	33.4	31.4	56.2	53.8	29.4	56.4	51	0.3	0.31	0.31	0.32	0.33	3.84	3.72	3.84	3.53	3.47	8.2	15.65	7.78	14.06	4.18	8.2	77.45	66.97	72.17	70.57	1.11	1.07	1.11	1.02	1
20000	70-20-10	4	0	0	0	0	0	0	0	0	0	0	0	0	0	0	0	0.47	0.48	0.46	0.55	0.47	0.56	0.58	0.57	0.79	0.62	0.74	0.91	0.75	1.38	0.95	17.25	17.4	17.58	17.64	17.23	31.4	31.4	30.2	33.4	31.4	67.4	68	28.6	60.6	65.4	0.39	0.4	0.39	0.46	0.41	6.48	6.21	6.53	4.65	6.03	14.37	27.64	13.54	34.98	7.35	14.37	78.82	69.4	84.1	73.19	1.07	1.03	1.08	0.77	1
20000	70-20-10	8	0	0	0	0	0.01	0	0	0	0	0	0.01	0.01	0	0.01	0	0.52	0.5	0.46	0.68	0.5	0.63	0.6	0.58	0.92	0.65	0.8	0.94	0.75	1.63	0.98	20.02	20.21	17.53	18.83	19.96	31.4	31.4	30.2	33.4	31.4	87	90.8	29	72.6	86.2	0.44	0.42	0.39	0.54	0.43	11.82	12.06	13.05	7.4	11.59	13.81	26.58	13.18	43.26	7.1	13.81	77.16	67.88	79.73	71.67	1.02	1.04	1.13	0.64	1
20000	70-20-10	16	0	0	0	0	0.02	0.01	0.01	0.01	0.01	0.01	0.01	0.01	0	0.01	0.01	0.56	0.55	0.45	0.83	0.53	0.66	0.65	0.58	1.11	0.71	0.82	1	0.75	2.18	1.02	28.3	27.83	17.5	21.11	28.3	31.4	31.4	30.2	33.4	31.4	116	114.6	29	93.2	116.6	0.48	0.48	0.39	0.65	0.47	22.41	22.27	26.07	11.79	22.05	13.02	24.05	12.29	45.42	6.8	13.02	75.53	66.15	72.8	70.37	1.02	1.01	1.18	0.53	1
20000	70-20-10	32	0.01	0.01	0	0	0.06	0.06	0.01	0.02	0.02	0.01	0.4	0.02	0.01	0.03	0.02	0.62	0.64	0.48	1.12	0.58	0.74	0.74	0.59	1.55	0.78	0.91	1.1	0.77	5.23	1.11	36.86	36.15	17.46	23.72	36.73	31.4	31.4	30.2	33.4	31.4	116.2	115.8	28.8	103.6	115.8	0.55	0.56	0.4	0.91	0.53	40.9	39.64	50.65	15.57	40.66	13.07	22.31	12.47	44.03	6.9	13.07	75.53	65.8	67.16	69.43	1.01	0.97	1.25	0.38	1
100000	70-20-10	1	0	0	0	0	0	0	0	0	0	0	0	0	0	0	0	0.38	0.44	0.4	0.42	0.42	0.41	0.46	0.45	0.48	0.5	0.43	0.52	0.47	0.53	0.55	19.56	19.58	21	20.61	19.58	37.8	37.8	36.2	39.8	37.8	34.6	34.4	36.4	37.2	34	0.31	0.37	0.33	0.36	0.35	2.01	1.81	1.91	1.84	1.78	0.02	0.05	0.06	0.08	0.03	0.02	43.39	42.39	47.36	56.57	1.13	1.02	1.07	1.03	1
100000	70-20-10	2	0	0	0	0	0	0	0	0	0	0	0	0	0	0	0	0.45	0.49	0.46	0.49	0.48	0.53	0.58	0.57	0.65	0.61	0.73	0.86	0.7	1.12	0.87	19.44	19.45	20.96	20.52	19.46	37.8	37.8	36.2	39.8	37.8	34.2	35	36.2	36.2	34.4	0.39	0.42	0.4	0.44	0.41	3.31	3.08	3.29	2.89	3.05	4.37	6.48	4.18	6.91	2.55	4.37	76.44	65.7	70.7	69.69	1.09	1.01	1.08	0.95	1
100000	70-20-10	4	0	0	0	0	0	0	0	0	0	0	0	0	0	0	0	0.53	0.58	0.54	0.66	0.55	0.63	0.68	0.66	0.89	0.7	0.8	1.02	0.85	1.48	1.02	19.44	19.43	20.92	20.42	19.37	37.8	37.8	36.2	39.8	37.8	35.6	35.6	36.2	36	35	0.46	0.51	0.48	0.57	0.49	5.83	5.32	5.68	4.17	5.38	7.47	11.73	7.34	17.54	4.41	7.47	77.77	68.52	82.16	72.28	1.08	0.99	1.06	0.78	1
100000	70-20-10	8	0	0	0	0	0	0	0	0	0	0	0	0	0	0	0	0.55	0.58	0.55	0.75	0.57	0.65	0.68	0.67	0.99	0.73	0.83	1.02	0.85	1.69	1.04	19.32	19.29	20.87	20.41	19.26	37.8	37.8	36.2	39.8	37.8	44.6	44.8	35.6	39.2	42.2	0.48	0.51	0.48	0.63	0.5	11.41	10.74	11.2	7.08	10.5	6.92	11.72	7.15	24.77	4.21	6.92	76.41	67.28	78.15	71.16	1.09	1.02	1.07	0.67	1
100000	70-20-10	16	0	0	0	0	0	0	0	0	0	0	0	0	0	0	0	0.56	0.58	0.55	0.91	0.59	0.67	0.67	0.67	1.17	0.74	0.84	1.01	0.85	2.16	1.06	19.22	19.22	20.84	20.35	19.31	37.8	37.8	36.2	39.8	37.8	60.2	57.4	35.6	46.4	57.6	0.49	0.5	0.48	0.72	0.52	22.3	21.5	22.64	11.31	20.62	6.2	11.3	6.73	29.83	3.86	6.2	74.9	65.82	71.75	69.39	1.08	1.04	1.1	0.55	1
100000	70-20-10	32	0	0	0	0	0.01	0.01	0	0	0	0	0.31	0	0	0.01	0	0.58	0.59	0.56	1.16	0.62	0.69	0.7	0.69	1.52	0.77	0.86	1.04	0.86	4.98	1.11	19.45	19.39	20.8	20.33	19.4	37.8	37.8	36.2	39.8	37.8	75.2	78.4	35.4	53.6	76	0.51	0.52	0.5	0.95	0.55	43.6	41.87	44.58	15.69	39.26	5.97	11.61	6.86	31.95	3.78	5.97	74.49	65.47	67.65	68.85	1.11	1.07	1.14	0.4	1
200000	70-20-10	1	0	0	0	0	0	0	0	0	0	0	0	0	0	0	0	0.41	0.51	0.44	0.49	0.45	0.44	0.55	0.49	0.55	0.53	0.46	0.6	0.51	0.61	0.59	21.08	21.11	22.47	22.14	21.1	40.2	40.2	38.8	42.2	40.2	38.4	38.2	39.4	40.4	38.6	0.34	0.43	0.38	0.43	0.39	1.9	1.58	1.76	1.62	1.68	0.05	0.05	0.24	0.49	0.45	0.05	42.48	42.32	47.65	57.39	1.13	0.94	1.05	0.96	1
200000	70-20-10	2	0	0	0	0	0	0	0	0	0	0	0	0	0	0	0	0.47	0.58	0.51	0.56	0.51	0.56	0.67	0.61	0.73	0.65	0.7	0.95	0.76	1.21	0.9	20.98	21.01	22.42	22.05	21	40.2	40.2	38.8	42.2	40.2	37.4	37.2	39	39.2	37.4	0.4	0.5	0.44	0.51	0.45	3.25	2.69	3.03	2.61	2.89	3.85	4.88	3.6	5.32	2.55	3.85	76.2	65.72	70.65	69.49	1.12	0.93	1.05	0.9	1
200000	70-20-10	4	0	0	0	0	0	0	0	0	0	0	0	0	0	0	0	0.56	0.67	0.59	0.73	0.59	0.66	0.79	0.71	0.94	0.73	0.83	1.12	0.89	1.55	1.06	20.84	20.88	22.36	21.95	20.85	40.2	40.2	38.8	42.2	40.2	37	37	39	39.4	36.8	0.49	0.6	0.53	0.64	0.52	5.65	4.69	5.35	3.93	5.14	6.57	8.86	6.16	13.2	4.13	6.57	77.55	68.45	81.58	72.01	1.1	0.91	1.04	0.76	1
200000	70-20-10	8	0	0	0	0	0	0	0	0	0	0	0	0	0	0	0	0.57	0.65	0.6	0.78	0.61	0.67	0.75	0.72	1.01	0.76	0.84	1.12	0.9	1.72	1.09	20.76	20.79	22.32	21.88	20.8	40.2	40.2	38.8	42.2	40.2	37	36.6	38.4	38.6	36.6	0.5	0.57	0.53	0.68	0.54	11.07	9.71	10.54	7.06	10.02	6.12	8.89	6.02	17.64	3.97	6.12	76.12	67.1	79.29	71.02	1.1	0.97	1.05	0.7	1
200000	70-20-10	16	0	0	0	0	0	0	0	0	0	0	0	0	0	0	0	0.58	0.64	0.6	0.91	0.63	0.68	0.75	0.71	1.17	0.77	0.85	1.08	0.89	2.12	1.09	20.62	20.65	22.26	21.75	20.62	40.2	40.2	38.8	42.2	40.2	43.2	44.4	38.6	38.8	41.8	0.51	0.57	0.53	0.76	0.55	21.82	19.75	21.22	11.6	19.66	5.5	8.62	5.7	22.83	3.72	5.5	74.75	65.74	71.91	69.73	1.11	1	1.08	0.59	1
200000	70-20-10	32	0	0	0	0	0	0	0	0	0	0	0.08	0	0	0	0	0.6	0.64	0.61	1.13	0.65	0.71	0.75	0.73	1.44	0.81	0.88	1.1	0.92	4.48	1.15	20.58	20.57	22.22	21.76	20.61	40.2	40.2	38.8	42.2	40.2	58.4	55.4	38.2	41.6	56.8	0.53	0.57	0.54	0.95	0.58	42.23	39.29	41.31	16.76	37.9	5.28	8.9	5.77	26.07	3.65	5.28	74.41	65.34	68.5	69.1	1.11	1.04	1.09	0.44	1
1000000	70-20-10	1	0	0	0	0	0	0	0	0	0	0	0	0	0	0	0	0.6	0.77	0.82	0.88	0.81	0.63	0.79	0.87	0.99	0.89	0.67	0.86	0.89	1.07	0.99	24.62	24.66	25.95	25.72	24.67	47.8	47.8	45.2	49.8	47.8	45.8	45.4	46.8	47.8	45.2	0.52	0.69	0.75	0.83	0.74	1.4	1.13	1.07	0.98	1.05	8.23	5.45	16.11	12.57	16.14	8.23	40.13	34.83	44.86	48.46	1.33	1.08	1.02	0.93	1
1000000	70-20-10	2	0	0	0	0	0	0	0	0	0	0	0	0	0	0	0	0.72	0.87	1	1.08	1	0.79	0.94	1.08	1.26	1.09	0.94	1.23	1.13	1.71	1.29	24.52	24.55	25.89	25.63	24.58	47.8	47.8	45.2	49.8	47.8	45.6	45.4	46.6	47	45.2	0.64	0.8	0.93	1.03	0.92	2.32	1.94	1.75	1.56	1.72	9.83	6.5	15.54	11.88	17.14	9.83	71.67	51.75	59.51	54.57	1.35	1.13	1.02	0.91	1
1000000	70-20-10	4	0	0	0	0	0	0	0	0	0	0	0	0	0	0	0	0.8	0.94	1.1	1.23	1.11	0.89	1.03	1.2	1.46	1.23	1.08	1.37	1.3	2.09	1.49	24.44	24.47	25.81	25.55	24.49	47.8	47.8	45.2	49.8	47.8	44.8	44.8	46.2	46.4	45.8	0.73	0.86	1.03	1.15	1.05	4.21	3.62	3.19	2.62	3.11	11.08	7.34	15.52	14.18	18.19	11.08	75.66	61.29	78.3	62.75	1.35	1.16	1.03	0.84	1
1000000	70-20-10	8	0	0	0	0	0	0	0	0	0	0	0	0	0	0	0	0.84	0.93	1.13	1.27	1.18	0.93	1.03	1.22	1.5	1.29	1.12	1.37	1.33	2.23	1.56	24.33	24.36	25.73	25.44	24.39	47.8	47.8	45.2	49.8	47.8	44.4	44.6	45.4	47.2	44.8	0.77	0.86	1.06	1.19	1.12	8.09	7.28	6.26	4.94	5.91	11.59	7.33	15.94	16.07	19.12	11.59	74.34	59.38	79.58	60.16	1.37	1.23	1.06	0.84	1
1000000	70-20-10	16	0	0	0	0	0	0	0	0	0	0	0	0	0	0	0	0.87	0.93	1.15	1.33	1.26	0.96	1.02	1.26	1.54	1.36	1.15	1.37	1.35	2.48	1.63	24.21	24.22	25.67	25.33	24.27	47.8	47.8	45.2	49.8	47.8	43.8	43.8	45.6	45.8	44.4	0.8	0.86	1.09	1.23	1.19	15.62	14.62	12.32	9.31	11.19	12.15	7.38	16.44	17.87	20.13	12.15	73.33	58.03	72.7	58.83	1.4	1.31	1.1	0.83	1
1000000	70-20-10	32	0	0	0	0	0	0	0	0	0	0	0.01	0	0	0	0	0.91	0.93	1.19	1.46	1.33	1.01	1.02	1.29	1.69	1.45	1.2	1.37	1.39	3.82	1.72	24.1	24.1	25.61	25.25	24.15	47.8	47.8	45.2	49.8	47.8	43.6	42.6	45.8	46	44	0.84	0.86	1.12	1.35	1.27	30.03	29.18	23.91	15.68	21.28	12.57	7.45	16.8	20.65	20.97	12.57	73.09	57.87	71.38	58.48	1.41	1.37	1.12	0.74	1
2000000	70-20-10	1	0	0	0	0	0	0	0	0	0	0	0	0	0	0	0	0.8	0.98	1.15	1.17	1.14	0.83	1.02	1.21	1.29	1.23	0.89	1.11	1.22	1.38	1.34	26.17	26.2	27.48	27.27	26.22	50.2	50.2	49.4	52.2	50.2	49	48.8	50	51	49	0.72	0.91	1.08	1.11	1.08	1.09	0.9	0.78	0.76	0.77	13.88	11.09	21.76	18.14	20.95	13.88	38.22	30.88	42.03	41.06	1.42	1.17	1.01	0.99	1
2000000	70-20-10	2	0	0	0	0	0	0	0	0	0	0	0	0	0	0	0	0.94	1.2	1.35	1.44	1.3	1	1.26	1.42	1.62	1.39	1.14	1.48	1.46	2.08	1.57	26.08	26.11	27.41	27.19	26.13	50.2	50.2	49.4	52.2	50.2	49.2	49	50.4	50.6	49.2	0.87	1.13	1.28	1.4	1.24	1.85	1.49	1.35	1.21	1.37	15.29	11.23	21.16	16.53	21.83	15.29	61.11	41.26	52.35	47.07	1.35	1.09	0.99	0.88	1
2000000	70-20-10	4	0	0	0	0	0	0	0	0	0	0	0	0	0	0	0	1.06	1.31	1.45	1.62	1.4	1.12	1.38	1.53	1.84	1.5	1.31	1.69	1.6	2.5	1.73	25.99	26.02	27.33	27.1	26.03	50.2	50.2	49.4	52.2	50.2	48	48.6	49	50	48	0.98	1.24	1.38	1.55	1.34	3.31	2.73	2.52	2.08	2.55	16.6	11.4	20.98	17.77	22.94	16.6	69.11	51.45	75.77	54.55	1.3	1.07	0.99	0.82	1
2000000	70-20-10	8	0	0	0	0	0	0	0	0	0	0	0	0	0	0	0	1.15	1.31	1.48	1.67	1.49	1.21	1.39	1.57	1.89	1.59	1.42	1.7	1.63	2.67	1.81	25.89	25.9	27.24	26.98	25.92	50.2	50.2	49.4	52.2	50.2	47.2	47.4	49.4	50	47.8	1.07	1.24	1.42	1.58	1.42	6.18	5.45	4.93	3.97	4.83	17.71	11.32	21.55	19.1	24.26	17.71	67.08	48.75	77.4	51.46	1.28	1.13	1.02	0.82	1
2000000	70-20-10	16	0	0	0	0	0	0	0	0	0	0	0	0	0	0	0	1.18	1.31	1.53	1.73	1.59	1.25	1.39	1.62	1.94	1.69	1.44	1.7	1.67	2.9	1.92	25.76	25.78	27.15	26.87	25.81	50.2	50.2	49.4	52.2	50.2	47.2	46.8	49.8	49.4	47.4	1.11	1.24	1.47	1.63	1.53	12.06	10.87	9.61	7.55	9.11	19.06	11.36	22.5	20.58	25.52	19.06	66.19	47.17	74.05	49.84	1.32	1.19	1.05	0.83	1
2000000	70-20-10	32	0	0	0	0	0	0	0	0	0	0	0	0	0	0	0	1.27	1.33	1.58	1.85	1.71	1.34	1.41	1.67	2.06	1.82	1.53	1.72	1.72	3.94	2.05	25.65	25.66	27.08	26.78	25.7	50.2	50.2	49.4	52.2	50.2	47	47	48.8	49.2	47	1.2	1.25	1.52	1.73	1.65	22.59	21.47	18.63	13.42	16.98	20.44	11.46	23.04	22.38	27.05	20.44	66.32	47.8	70.55	49.66	1.33	1.26	1.1	0.79	1
10000	0-50-50	1	0	0	0	0	0	0	0	0	0	0	0	0	0	0	0	nan	nan	nan	nan	nan	0.37	0.38	0.32	0.35	0.43	0.36	0.4	0.31	0.36	0.44	26.24	26.02	14.78	26.75	25.55	28.8	28.8	26.4	30.8	28.8	68.4	67	25.4	70.6	67.6	0.26	0.27	0.21	0.22	0.29	2.16	2.03	2.41	2.18	1.81	0.18	0.63	0.25	0.32	0.19	0.18	58.36	51.63	58.81	67.12	1.19	1.12	1.33	1.2	1
10000	0-50-50	2	0	0	0	0	0.01	0	0	0	0	0	0	0	0	0	0	nan	nan	nan	nan	nan	0.55	0.6	0.51	0.65	0.62	0.61	0.75	0.53	0.88	0.71	26.98	26.73	14.77	26.61	26.95	28.8	28.8	26.4	30.8	28.8	68.4	69	25.6	71.4	72	0.4	0.46	0.35	0.44	0.43	2.92	2.57	3.21	2.29	2.56	42.52	60.66	32.11	45.03	18.77	42.52	73.92	59.29	69.76	66.78	1.14	1	1.25	0.89	1
10000	0-50-50	4	0.01	0.01	0	0	0.04	0.01	0.01	0.01	0.02	0.01	0.02	0.01	0	0.01	0.01	nan	nan	nan	nan	nan	0.75	0.84	0.7	1.02	0.8	0.83	1.03	0.73	1.37	0.93	28.06	27.72	14.76	27.83	27.71	28.8	28.8	26.4	30.8	28.8	67.8	68.2	26	71	66.6	0.58	0.67	0.53	0.74	0.59	4.48	3.83	4.88	2.97	4.07	62.13	78.42	49.33	68.59	30.74	62.13	77.1	64.17	78.31	71.02	1.1	0.94	1.2	0.73	1
10000	0-50-50	8	0.01	0.02	0	0	0.13	0.02	0.02	0.03	0.04	0.03	0.04	0.03	0.01	0.03	0.02	nan	nan	nan	nan	nan	0.78	0.86	0.71	1.2	0.82	0.87	1.07	0.74	1.67	0.95	28.96	28.74	14.73	28.89	28.8	28.8	28.8	26.4	30.8	28.8	70	69.6	25.2	71.4	69	0.61	0.7	0.53	0.86	0.6	8.58	7.48	9.66	4.88	7.99	53.33	60.58	47.05	65.08	29.86	53.33	71.69	59.66	74.62	66.88	1.07	0.94	1.21	0.61	1
10000	0-50-50	16	0.03	0.04	0	0	0.41	0.05	0.05	0.07	0.09	0.06	0.09	0.06	0.02	0.06	0.04	nan	nan	nan	nan	nan	0.77	0.87	0.7	1.5	0.82	0.86	1.07	0.73	2.35	0.95	29.42	29.33	14.7	29.25	29.51	28.8	28.8	26.4	30.8	28.8	68.2	68.8	25.4	71.2	66.4	0.6	0.7	0.52	1.08	0.61	17.39	14.84	19.68	7.25	15.95	43.46	45.54	41.99	56.11	27.55	43.46	67.52	55.68	65.75	63.36	1.09	0.93	1.23	0.45	1
10000	0-50-50	32	0.08	0.07	0	0	0.93	0.17	0.09	0.14	0.2	0.12	0.88	0.13	0.03	0.14	0.09	nan	nan	nan	nan	nan	0.8	0.96	0.77	2.16	0.91	0.91	1.22	0.77	4.56	1.04	29.69	29.56	14.69	29.22	29.88	28.8	28.8	26.4	30.8	28.8	73	70	25.8	69.4	69.4	0.63	0.77	0.56	1.53	0.66	33.33	26.76	36.53	8.58	29.28	38.36	38.64	41.25	45.92	26.82	38.36	68	55.81	62.24	62.6	1.14	0.91	1.25	0.29	1
20000	0-50-50	1	0	0	0	0	0	0	0	0	0	0	0	0	0	0	0	nan	nan	nan	nan	nan	0.36	0.37	0.36	0.37	0.45	0.37	0.4	0.35	0.39	0.46	20.07	19.84	16.19	20.38	18.78	31.4	31.4	30.2	33.4	31.4	79.2	79.2	28.4	80.8	74	0.27	0.26	0.24	0.25	0.31	2.13	2.07	2.18	2.08	1.76	0.09	0.26	0.17	0.2	0.11	0.09	51.71	50.6	56.24	63.1	1.21	1.18	1.24	1.18	1
20000	0-50-50	2	0	0	0	0	0.01	0	0	0	0	0	0	0	0	0	0	nan	nan	nan	nan	nan	0.57	0.59	0.55	0.67	0.64	0.64	0.74	0.57	0.91	0.73	23.04	21.92	16.17	21.16	21.38	31.4	31.4	30.2	33.4	31.4	92	88.8	28	86.4	86	0.43	0.44	0.39	0.47	0.45	2.84	2.62	3.02	2.23	2.49	22.79	40.53	20.29	32.68	11.37	22.79	72.52	58.48	68.16	65.24	1.14	1.05	1.21	0.9	1
20000	0-50-50	4	0	0	0	0	0.02	0	0	0.01	0.01	0	0.01	0.01	0	0.01	0	nan	nan	nan	nan	nan	0.8	0.85	0.74	1.03	0.86	0.88	1.05	0.76	1.38	0.99	28.04	26.64	16.15	23.76	27.05	31.4	31.4	30.2	33.4	31.4	95.4	95.8	28	95.2	98.4	0.63	0.69	0.56	0.75	0.64	4.25	3.79	4.68	2.95	3.86	37.17	61.61	32.51	54.59	18.81	37.17	76.21	63.47	77.21	69.74	1.1	0.98	1.21	0.76	1
20000	0-50-50	8	0.01	0.01	0	0	0.06	0.01	0.01	0.02	0.02	0.01	0.02	0.01	0	0.02	0.01	nan	nan	nan	nan	nan	0.83	0.91	0.75	1.2	0.9	0.92	1.11	0.78	1.67	1.02	33.06	32.89	16.13	30.56	32.87	31.4	31.4	30.2	33.4	31.4	91	94.4	27.8	96.8	94.2	0.67	0.74	0.57	0.88	0.68	8.14	7.19	9.24	4.92	7.42	36.01	53.9	31.85	57.03	18.61	36.01	71.17	59.47	73.94	66.67	1.1	0.97	1.25	0.66	1
20000	0-50-50	16	0.01	0.02	0	0	0.21	0.02	0.02	0.03	0.05	0.03	0.04	0.03	0.01	0.03	0.02	nan	nan	nan	nan	nan	0.84	0.94	0.74	1.49	0.91	0.93	1.13	0.77	2.34	1.04	36.49	35.86	16.09	32.98	36.28	31.4	31.4	30.2	33.4	31.4	95.6	95.8	28.2	96.2	94.6	0.68	0.76	0.56	1.1	0.7	16.19	14.03	18.67	7.34	14.6	32.95	43.52	29.86	52.63	17.79	32.95	66.94	55.46	65.93	63.38	1.11	0.96	1.28	0.5	1
20000	0-50-50	32	0.04	0.03	0	0	0.52	0.07	0.04	0.07	0.1	0.06	0.45	0.06	0.02	0.07	0.04	nan	nan	nan	nan	nan	0.89	1.02	0.79	2.14	1	0.98	1.25	0.8	4.52	1.13	37.94	38.02	16.09	34.61	38.03	31.4	31.4	30.2	33.4	31.4	98.2	98.6	27.6	94.6	96.6	0.71	0.83	0.59	1.55	0.75	30.8	25.79	35.62	8.66	27.1	32.2	37.97	30.32	44.42	18.11	32.2	67.3	55.26	62.42	62.35	1.14	0.95	1.31	0.32	1
100000	0-50-50	1	0	0	0	0	0	0	0	0	0	0	0	0	0	0	0	nan	nan	nan	nan	nan	0.43	0.45	0.45	0.47	0.53	0.44	0.48	0.44	0.49	0.53	18.83	18.84	19.55	19.34	18.85	37.8	37.8	36.2	39.8	37.8	38.6	38.2	35.2	40	37	0.33	0.35	0.33	0.35	0.38	1.88	1.75	1.83	1.71	1.55	0.05	0.11	0.14	0.14	0.08	0.05	48.95	47.9	53.25	61.27	1.21	1.13	1.18	1.1	1
100000	0-50-50	2	0	0	0	0	0	0	0	0	0	0	0	0	0	0	0	nan	nan	nan	nan	nan	0.61	0.66	0.64	0.77	0.71	0.69	0.8	0.66	1.02	0.8	18.85	18.85	19.52	19.34	18.85	37.8	37.8	36.2	39.8	37.8	46	44.4	34.4	41.8	42	0.47	0.51	0.48	0.56	0.52	2.65	2.39	2.65	2	2.28	10.53	18.07	10.86	18.29	6.39	10.53	70.86	57.13	66.28	63.73	1.16	1.05	1.16	0.88	1
100000	0-50-50	4	0	0	0	0	0	0	0	0	0	0	0	0	0	0	0	nan	nan	nan	nan	nan	0.81	0.88	0.83	1.11	0.9	0.9	1.07	0.86	1.46	1.03	18.86	18.89	19.5	19.39	18.8	37.8	37.8	36.2	39.8	37.8	55.8	50.2	34.6	47.8	51.4	0.65	0.71	0.66	0.83	0.68	4.15	3.7	4.21	2.78	3.7	17.09	30.18	17.4	33.06	10.34	17.09	74.52	62.24	75.29	68.08	1.12	1	1.14	0.75	1
100000	0-50-50	8	0	0	0	0	0.01	0	0	0	0	0	0	0	0	0	0	nan	nan	nan	nan	nan	0.83	0.89	0.84	1.2	0.92	0.93	1.08	0.87	1.66	1.05	19.06	18.94	19.41	19.4	18.99	37.8	37.8	36.2	39.8	37.8	72.6	67.4	34.6	60.8	68.8	0.67	0.72	0.66	0.9	0.71	8.12	7.31	8.32	4.98	7.26	16.03	29.97	16.99	37.89	9.85	16.03	71.05	59.48	73.04	65.55	1.12	1.01	1.15	0.69	1
100000	0-50-50	16	0	0	0	0	0.02	0	0	0.01	0.01	0.01	0.01	0.01	0	0.01	0	nan	nan	nan	nan	nan	0.85	0.88	0.83	1.43	0.94	0.94	1.07	0.85	2.23	1.07	20.09	19.82	19.41	19.53	19.81	37.8	37.8	36.2	39.8	37.8	100.2	93.6	34.4	71.6	92	0.68	0.71	0.65	1.08	0.72	16.08	14.84	16.96	7.76	14.29	14.48	28.21	15.81	39.82	9.02	14.48	67.26	56.35	65.92	62.81	1.13	1.04	1.19	0.54	1
100000	0-50-50	32	0.02	0.01	0	0	0.05	0.03	0.01	0.01	0.02	0.01	0.14	0.01	0	0.01	0.01	nan	nan	nan	nan	nan	0.91	0.95	0.9	2.11	1.03	1	1.16	0.9	4.63	1.16	23.1	22.61	19.38	19.58	22.26	37.8	37.8	36.2	39.8	37.8	127	123.6	34.6	76.2	126.4	0.74	0.77	0.69	1.55	0.78	30.16	27.66	31.91	8.6	26.35	14.41	28.69	16.13	37.49	9.07	14.41	66.66	55.79	62.04	62.14	1.14	1.05	1.21	0.33	1
200000	0-50-50	1	0	0	0	0	0	0	0	0	0	0	0	0	0	0	0	nan	nan	nan	nan	nan	0.46	0.51	0.49	0.54	0.56	0.46	0.54	0.48	0.55	0.57	20.33	20.35	20.97	20.86	20.37	40.2	40.2	38.8	42.2	40.2	35.8	36.8	37.8	38.2	35.8	0.36	0.4	0.38	0.41	0.42	1.78	1.57	1.68	1.54	1.47	0.07	0.1	0.36	0.73	0.36	0.07	47.91	47.36	52.24	61.75	1.21	1.07	1.14	1.05	1
200000	0-50-50	2	0	0	0	0	0	0	0	0	0	0	0	0	0	0	0	nan	nan	nan	nan	nan	0.65	0.72	0.68	0.83	0.74	0.72	0.86	0.7	1.08	0.84	20.25	20.29	20.94	20.85	20.33	40.2	40.2	38.8	42.2	40.2	36.2	36.2	37.6	38.2	37	0.51	0.57	0.53	0.62	0.55	2.54	2.21	2.5	1.88	2.2	9.27	13.94	8.94	14.44	5.74	9.27	70.28	56.66	65.93	63.08	1.15	1	1.14	0.85	1
200000	0-50-50	4	0	0	0	0	0	0	0	0	0	0	0	0	0	0	0	nan	nan	nan	nan	nan	0.84	0.93	0.88	1.18	0.93	0.93	1.13	0.9	1.53	1.06	20.21	20.2	20.91	20.76	20.22	40.2	40.2	38.8	42.2	40.2	41	38.4	38.2	39.2	38	0.67	0.77	0.7	0.89	0.71	4.05	3.52	4.03	2.66	3.62	14.96	23.44	14.16	26.35	9.22	14.96	73.98	61.74	74.7	67.62	1.12	0.97	1.11	0.73	1
200000	0-50-50	8	0	0	0	0	0	0	0	0	0	0	0	0	0	0	0	nan	nan	nan	nan	nan	0.86	0.94	0.89	1.26	0.95	0.96	1.14	0.91	1.71	1.09	20.2	20.17	20.87	20.74	20.14	40.2	40.2	38.8	42.2	40.2	51.8	51.6	37.6	46.6	50.4	0.7	0.77	0.71	0.96	0.74	7.91	7.02	8	4.82	7.05	13.96	23.47	13.97	30.99	8.81	13.96	70.86	59.25	72.7	65.43	1.12	1	1.13	0.68	1
200000	0-50-50	16	0	0	0	0	0.01	0	0	0	0	0	0	0	0	0	0	nan	nan	nan	nan	nan	0.87	0.92	0.88	1.44	0.96	0.97	1.11	0.9	2.2	1.1	20.21	20.16	20.82	20.64	20.19	40.2	40.2	38.8	42.2	40.2	71.2	68.8	36.8	56	65.6	0.7	0.75	0.7	1.1	0.75	15.68	14.27	16.17	7.8	13.94	12.4	22.36	13.14	34.01	8.05	12.4	67.67	56.53	66.28	62.89	1.12	1.02	1.16	0.56	1
200000	0-50-50	32	0	0	0	0	0.02	0.01	0	0.01	0.01	0.01	0.11	0.01	0	0.01	0	nan	nan	nan	nan	nan	0.92	0.97	0.94	2.08	1.06	1.01	1.18	0.94	4.58	1.19	20.51	20.48	20.79	20.68	20.4	40.2	40.2	38.8	42.2	40.2	96.8	93.6	37.6	58.2	84.6	0.75	0.79	0.73	1.55	0.8	29.99	27.07	30.65	8.71	25.8	12.12	23.13	13.53	33.61	8.02	12.12	67.2	56.04	62.61	62.17	1.16	1.05	1.19	0.34	1
1000000	0-50-50	1	0	0	0	0	0	0	0	0	0	0	0	0	0	0	0	nan	nan	nan	nan	nan	0.6	0.73	0.8	0.94	0.85	0.62	0.77	0.78	0.96	0.88	23.91	23.94	24.41	24.48	23.97	47.8	47.8	45.2	49.8	47.8	43.6	43.8	45.4	45.4	43.4	0.5	0.62	0.68	0.79	0.7	1.41	1.17	1.12	0.95	1.02	7.48	4.24	15.23	14.11	16.89	7.48	46.4	44.33	51.53	57.19	1.38	1.15	1.1	0.93	1
1000000	0-50-50	2	0	0	0	0	0	0	0	0	0	0	0	0	0	0	0	nan	nan	nan	nan	nan	0.79	0.92	1.01	1.24	1.11	0.87	1.07	1.01	1.5	1.2	23.83	23.86	24.36	24.41	23.89	47.8	47.8	45.2	49.8	47.8	43.2	43.4	45.6	45	43.4	0.65	0.77	0.86	1.03	0.94	2.14	1.82	1.79	1.35	1.58	10.91	8.82	14.86	15.35	17.55	10.91	68.42	50.93	60.64	56.04	1.35	1.15	1.13	0.85	1
1000000	0-50-50	4	0	0	0	0	0	0	0	0	0	0	0	0	0	0	0	nan	nan	nan	nan	nan	0.96	1.12	1.14	1.5	1.26	1.05	1.31	1.16	1.88	1.41	23.74	23.78	24.3	24.33	23.79	47.8	47.8	45.2	49.8	47.8	44.2	42.6	44.2	44.6	42.2	0.79	0.95	0.97	1.22	1.08	3.61	3.03	3.18	2.17	2.75	13.54	12.82	15.08	18.79	18.05	13.54	72.75	58.46	72.23	63.09	1.31	1.1	1.16	0.79	1
1000000	0-50-50	8	0	0	0	0	0	0	0	0	0	0	0	0	0	0	0	nan	nan	nan	nan	nan	0.98	1.12	1.17	1.57	1.32	1.08	1.31	1.19	2.04	1.46	23.62	23.64	24.24	24.22	23.67	47.8	47.8	45.2	49.8	47.8	42	42.2	44.4	44.2	42.2	0.81	0.95	0.99	1.27	1.13	7.09	6.05	6.24	4.03	5.31	13.26	12.9	15.06	21.91	18.35	13.26	69.99	56.51	71.37	61	1.34	1.14	1.18	0.76	1
1000000	0-50-50	16	0	0	0	0	0	0	0	0	0	0	0	0	0	0	0	nan	nan	nan	nan	nan	0.99	1.1	1.18	1.7	1.37	1.09	1.3	1.19	2.4	1.5	23.51	23.53	24.18	24.13	23.55	47.8	47.8	45.2	49.8	47.8	42.4	43	44	43.8	41.6	0.83	0.93	1.01	1.38	1.17	13.95	12.26	12.42	7.05	10.34	12.8	12.62	15.44	24.96	18.64	12.8	67.49	54.39	67.45	59.28	1.35	1.19	1.2	0.68	1
1000000	0-50-50	32	0	0	0	0	0	0	0	0	0	0	0.01	0	0	0	0	nan	nan	nan	nan	nan	1.03	1.13	1.24	2.2	1.45	1.14	1.33	1.24	4.23	1.58	23.4	23.41	24.14	24.08	23.46	47.8	47.8	45.2	49.8	47.8	47.6	44.8	43.6	44.4	43.6	0.87	0.95	1.05	1.74	1.24	26.9	23.94	23.76	9.06	19.61	12.49	13.04	15.58	27.01	18.62	12.49	67.35	53.77	63.54	58.16	1.37	1.22	1.21	0.46	1
2000000	0-50-50	1	0	0	0	0	0	0	0	0	0	0	0	0	0	0	0	nan	nan	nan	nan	nan	0.78	0.94	1.07	1.18	1.12	0.81	0.99	1.06	1.21	1.15	25.46	25.49	25.92	26.03	25.52	50.2	50.2	49.4	52.2	50.2	46.2	47.4	48	48.4	46.8	0.68	0.84	0.96	1.03	0.97	1.12	0.93	0.86	0.77	0.8	15.83	10.11	21.5	19.15	22.19	15.83	45.03	38.57	49.24	51.76	1.4	1.16	1.08	0.96	1
2000000	0-50-50	2	0	0	0	0	0	0	0	0	0	0	0	0	0	0	0	nan	nan	nan	nan	nan	1.01	1.18	1.31	1.56	1.39	1.09	1.32	1.3	1.83	1.48	25.38	25.41	25.85	25.96	25.43	50.2	50.2	49.4	52.2	50.2	46.8	46.4	48.4	48.8	47.2	0.89	1.04	1.18	1.36	1.23	1.74	1.48	1.41	1.11	1.29	17.53	11.54	20.88	18.77	23.25	17.53	62.61	42.27	54.49	49.27	1.35	1.15	1.09	0.86	1
2000000	0-50-50	4	0	0	0	0	0	0	0	0	0	0	0	0	0	0	0	nan	nan	nan	nan	nan	1.17	1.34	1.46	1.83	1.58	1.28	1.53	1.46	2.23	1.71	25.28	25.31	25.78	25.87	25.33	50.2	50.2	49.4	52.2	50.2	46	46.4	47.8	48.2	46.8	1.03	1.18	1.3	1.56	1.41	3.01	2.61	2.57	1.84	2.27	18.98	12.71	20.69	20.6	24.42	18.98	69.9	51.4	68.11	55.76	1.33	1.15	1.13	0.81	1
2000000	0-50-50	8	0	0	0	0	0	0	0	0	0	0	0	0	0	0	0	nan	nan	nan	nan	nan	1.24	1.34	1.49	1.89	1.68	1.34	1.53	1.5	2.4	1.81	25.17	25.19	25.71	25.76	25.22	50.2	50.2	49.4	52.2	50.2	45.2	46.6	48	48.4	45.6	1.09	1.18	1.34	1.61	1.51	5.74	5.2	5.01	3.44	4.3	19.63	12.77	21.06	23.09	25.58	19.63	67.47	49.05	68.5	53.36	1.33	1.21	1.17	0.8	1
2000000	0-50-50	16	0	0	0	0	0	0	0	0	0	0	0	0	0	0	0	nan	nan	nan	nan	nan	1.28	1.34	1.53	2.01	1.78	1.39	1.52	1.54	2.72	1.9	25.06	25.06	25.64	25.66	25.11	50.2	50.2	49.4	52.2	50.2	45.8	45.4	46.6	48.2	44.8	1.14	1.17	1.37	1.7	1.6	11.11	10.41	9.79	6.2	8.19	20.1	12.85	21.76	25.65	26.64	20.1	65.57	47.23	65.58	51.84	1.36	1.27	1.2	0.76	1
2000000	0-50-50	32	0	0	0	0	0	0	0	0	0	0	0	0	0	0	0	nan	nan	nan	nan	nan	1.35	1.35	1.6	2.43	1.95	1.46	1.54	1.6	4.39	2.07	24.95	24.94	25.59	25.6	25	50.2	50.2	49.4	52.2	50.2	44.4	44.6	47.2	47.4	44.2	1.21	1.18	1.43	2.01	1.74	21.16	20.67	18.78	8.65	15.06	20.39	12.97	22.1	27.46	27.38	20.39	64.95	46.17	63.52	50.39	1.41	1.37	1.25	0.57	1
